PeriodID,NodeName,CutPattern,CutPatternType,CutPatternOutput,CutPatternOutputQty,DowngradeOutputQty,FgProduct,FgType,FgInput,FgInputQty
1,A01,23101500-ABF-34,001-C09,20001102-ABF-34,2053,3616,10092228,1,20001102-NFA-1234,3043
1,A01,23101500-ABF-34,001-C09,20001102-ABF-34,2053,2543,10092125,1,20001102-NFA-234,1400
1,A01,23102647-NFA-12,001-C08,20001102-NFA-12,2580.006,2580.006,10092228,1,20001102-NFA-1234,3043
1,A01,23102653-NFA-23,001-C08,20001102-NFA-23,864,864,10092228,1,20001102-NFA-1234,3043
1,A01,23102653-NFA-23,001-C08,20001102-NFA-23,864,864,10092125,1,20001102-NFA-234,1400
1,A01,23102653-NFA-3,001-C08,20001102-NFA-3,500,500,10092228,1,20001102-NFA-1234,3043
1,A01,23102653-NFA-3,001-C08,20001102-NFA-3,500,500,10092104,1,20001102-NFA-23,864
1,A01,23102653-NFA-3,001-C08,20001102-NFA-3,500,910,10092125,1,20001102-NFA-234,1400
1,A01,23102645-NFA-34,001-C08,20001102-NFA-34,500,500,10092228,1,20001102-NFA-1234,3043
1,A01,23102645-NFA-34,001-C08,20001102-NFA-34,500,1000,10092125,1,20001102-NFA-234,1400
1,A01,23102683-ABF-34,001-C08,20001104-ABF-34,500,820,10095040,1,20001104-FA-34,320
1,A01,23102679-FA-3,001-C08,20001104-FA-3,810,810,10095040,1,20001104-FA-34,320
1,A01,23101617-ABF-34,001-C09,20001106-ABF-34,1502.997,2627.997,10014113,1,20001106-FA-1234,1125
1,A01,23102761-ABF-34,001-C08,20001106-ABF-34,1500.003,2625.003,10014113,1,20001106-FA-1234,1125
1,A01,23102761-ABF-34,001-C08,20001106-ABF-34,1500.003,1500.003,10092818,1,20001106-NFA-234,5734
1,A01,23101617-ABF-34,001-C09,20001106-ABF-34,1502.997,1502.997,10092818,1,20001106-NFA-234,5734
1,A01,23101617-ABF-4,001-C08,20001106-ABF-4,1486.002,1486.002,10044756,1,20001106-ABF-34,1878
1,A01,23101617-ABF-4,001-C08,20001106-ABF-4,1486.002,2972.005,10094410,1,20001106-ABF-45,1986.004
1,A01,23101617-ABF-4,001-C08,20001106-ABF-4,1486.002,1486.002,10014113,1,20001106-FA-1234,1125
1,A01,23101617-ABF-4,001-C08,20001106-ABF-4,1486.002,1486.002,10092818,1,20001106-NFA-234,5734
1,A01,23101617-ABF-4,001-C08,20001106-ABF-4,1486.002,1486.002,10094408,1,20001106-NFA-45,2814
1,A01,23100751-ABF-45,001-C09,20001106-ABF-45,500,500,10094408,1,20001106-NFA-45,2814
1,A01,23100268-NFA-2,001-C09,20001106-NFA-2,989.994,1979.988,10098144,1,20001106-NFA-12,990
1,A01,23100268-NFA-2,001-C09,20001106-NFA-2,989.994,989.994,10092818,1,20001106-NFA-234,5734
1,A01,23102770-NFA-23,001-C08,20001106-NFA-23,5734,11468,10092818,1,20001106-NFA-234,5734
1,A01,23101076-NFA-1,001-C09,20001109-NFA-1,710.006,950.006,10098723,1,20001109-NFA-12,240
1,A01,23103013-ABF-1,001-C09,20001112-ABF-1,500,1634.005,10095011,1,20001112-FA-12,6816.026
1,A01,23101302-ABF-1,001-C08,20001112-ABF-1,634.004,1768.009,10095011,1,20001112-FA-12,6816.026
1,A01,23101302-ABF-12,001-C08,20001112-ABF-12,4330.006,9160.013,10095011,1,20001112-FA-12,6816.026
1,A01,23101009-ABF-12,001-C09,20001112-ABF-12,500,5330.007,10095011,1,20001112-FA-12,6816.026
1,A01,23101500-ABF-34,001-C09,20001201-ABF-34,2053,4106,10093104,1,20001201-NFA-12345,8967
1,A01,23102647-NFA-12,001-C08,20001201-NFA-12,2580.006,5160.012,10093104,1,20001201-NFA-12345,8967
1,A01,23102645-NFA-1234,001-C08,20001201-NFA-1234,1480,2960,10093104,1,20001201-NFA-12345,8967
1,A01,23100268-NFA-2,001-C09,20001201-NFA-2,989.994,1979.988,10093104,1,20001201-NFA-12345,8967
1,A01,23102653-NFA-23,001-C08,20001201-NFA-23,864,1728,10093104,1,20001201-NFA-12345,8967
1,A01,23102653-NFA-3,001-C08,20001201-NFA-3,500,1000,10093104,1,20001201-NFA-12345,8967
1,A01,23102645-NFA-34,001-C08,20001201-NFA-34,500,1000,10093104,1,20001201-NFA-12345,8967
1,A01,23101302-ABF-1,001-C08,20001202-ABF-1,634.004,1768.009,10014286,1,20001202-FA-12,6816.026
1,A01,23103013-ABF-1,001-C09,20001202-ABF-1,500,1634.005,10014286,1,20001202-FA-12,6816.026
1,A01,23103013-ABF-1,001-C09,20001202-ABF-1,500,500,10095181,1,20001202-FA-123,1878
1,A01,23101302-ABF-1,001-C08,20001202-ABF-1,634.004,634.004,10095181,1,20001202-FA-123,1878
1,A01,23101009-ABF-12,001-C09,20001202-ABF-12,500,5330.007,10014286,1,20001202-FA-12,6816.026
1,A01,23101302-ABF-12,001-C08,20001202-ABF-12,4330.006,9160.013,10014286,1,20001202-FA-12,6816.026
1,A01,23101302-ABF-12,001-C08,20001202-ABF-12,4330.006,4330.006,10095181,1,20001202-FA-123,1878
1,A01,23101009-ABF-12,001-C09,20001202-ABF-12,500,500,10095181,1,20001202-FA-123,1878
1,A01,23101588-FA-12,001-C08,20001202-FA-12,852.01,852.01,10095181,1,20001202-FA-123,1878
1,A01,23102679-FA-3,001-C08,20001202-FA-3,810,1620,10095181,1,20001202-FA-123,1878
1,A01,23101644-HP-23,001-C09,20001202-HP-23,1068,2136,10095181,1,20001202-FA-123,1878
1,A01,23101617-ABF-34,001-C09,20001203-ABF-34,1502.997,3925.997,10092841,1,20001203-NFA-1234,6857.002
1,A01,23102761-ABF-34,001-C08,20001203-ABF-34,1500.003,3923.003,10092841,1,20001203-NFA-1234,6857.002
1,A01,23102683-ABF-34,001-C08,20001203-ABF-34,500,2923,10092841,1,20001203-NFA-1234,6857.002
1,A01,23102683-ABF-34,001-C08,20001203-ABF-34,500,500,10098722,1,20001203-NFA-12345,5600
1,A01,23102761-ABF-34,001-C08,20001203-ABF-34,1500.003,1500.003,10098722,1,20001203-NFA-12345,5600
1,A01,23101617-ABF-34,001-C09,20001203-ABF-34,1502.997,1502.997,10098722,1,20001203-NFA-12345,5600
1,A01,23101617-ABF-4,001-C08,20001203-ABF-4,1486.002,1486.002,10044204,1,20001203-ABF-34,1080
1,A01,23101617-ABF-4,001-C08,20001203-ABF-4,1486.002,1486.002,10092841,1,20001203-NFA-1234,6857.002
1,A01,23101617-ABF-4,001-C08,20001203-ABF-4,1486.002,2972.004,10098722,1,20001203-NFA-12345,5600
1,A01,23102770-NFA-23,001-C08,20001203-NFA-23,5734,10168.002,10092841,1,20001203-NFA-1234,6857.002
1,A01,23102770-NFA-23,001-C08,20001203-NFA-23,5734,7033.998,10098722,1,20001203-NFA-12345,5600
1,A01,23102770-NFA-45,001-C08,20001203-NFA-45,2814,5628,10098722,1,20001203-NFA-12345,5600
1,A01,23101630-ABF-34,001-C08,20001301-ABF-34,690,690,10098770,1,20001301-NFA-12345,480
1,A01,23102761-ABF-34,001-C08,20001301-ABF-34,1500.003,1500.003,10098770,1,20001301-NFA-12345,480
1,A01,23101617-ABF-34,001-C09,20001301-ABF-34,1502.997,1502.997,10098770,1,20001301-NFA-12345,480
1,A01,23102761-ABF-34,001-C08,20001301-ABF-34,1500.003,5193.003,10097033,1,20001301-NFA-234,2928
1,A01,23102761-ABF-34,001-C08,20001301-ABF-34,1500.003,5193.003,10092839,1,20001301-NFA-234,4128
1,A01,23101617-ABF-34,001-C09,20001301-ABF-34,1502.997,5195.997,10097033,1,20001301-NFA-234,2928
1,A01,23101617-ABF-34,001-C09,20001301-ABF-34,1502.997,5195.997,10092839,1,20001301-NFA-234,4128
1,A01,23101630-ABF-34,001-C08,20001301-ABF-34,690,4383,10097033,1,20001301-NFA-234,2928
1,A01,23101630-ABF-34,001-C08,20001301-ABF-34,690,4383,10092839,1,20001301-NFA-234,4128
1,A01,23101617-ABF-4,001-C08,20001301-ABF-4,1486.002,1486.002,10098770,1,20001301-NFA-12345,480
1,A01,23101617-ABF-4,001-C08,20001301-ABF-4,1486.002,2972.004,10092839,1,20001301-NFA-234,4128
1,A01,23101617-ABF-4,001-C08,20001301-ABF-4,1486.002,2972.004,10097033,1,20001301-NFA-234,2928
1,A01,23100751-ABF-45,001-C09,20001301-ABF-45,500,500,10098770,1,20001301-NFA-12345,480
1,A01,23101644-HP-23,001-C09,20001301-HP-23,1068,2136.001,10095152,1,20001301-FA-123,1068.006
1,A01,23101644-HP-23,001-C09,20001301-HP-23,1068,1068,10093837,1,20001301-NFA-123,3857.002
1,A01,23101644-HP-23,001-C09,20001301-HP-23,1068,1068,10098770,1,20001301-NFA-12345,480
1,A01,23101644-HP-23,001-C09,20001301-HP-23,1068,1068,10092839,1,20001301-NFA-234,4128
1,A01,23101644-HP-23,001-C09,20001301-HP-23,1068,1068,10097033,1,20001301-NFA-234,2928
1,A01,23101076-NFA-1,001-C09,20001301-NFA-1,710.006,710.006,10093837,1,20001301-NFA-123,3857.002
1,A01,23101076-NFA-1,001-C09,20001301-NFA-1,710.006,710.006,10098770,1,20001301-NFA-12345,480
1,A01,23100268-NFA-2,001-C09,20001301-NFA-2,989.994,989.994,10093837,1,20001301-NFA-123,3857.002
1,A01,23100268-NFA-2,001-C09,20001301-NFA-2,989.994,989.994,10098770,1,20001301-NFA-12345,480
1,A01,23100268-NFA-2,001-C09,20001301-NFA-2,989.994,989.994,10092839,1,20001301-NFA-234,4128
1,A01,23100268-NFA-2,001-C09,20001301-NFA-2,989.994,989.994,10097033,1,20001301-NFA-234,2928
1,A01,23102770-NFA-23,001-C08,20001301-NFA-23,5734,9591.002,10093837,1,20001301-NFA-123,3857.002
1,A01,23102770-NFA-23,001-C08,20001301-NFA-23,5734,5734,10098770,1,20001301-NFA-12345,480
1,A01,23102770-NFA-23,001-C08,20001301-NFA-23,5734,7610.998,10097033,1,20001301-NFA-234,2928
1,A01,23102770-NFA-23,001-C08,20001301-NFA-23,5734,7610.998,10092839,1,20001301-NFA-234,4128
1,A01,23102770-NFA-45,001-C08,20001301-NFA-45,2814,3294,10098770,1,20001301-NFA-12345,480
1,A01,23101009-ABF-12,001-C09,20001403-ABF-12,500,1000,10092066,1,20001403-NFA-12,2200
1,A01,23101076-NFA-1,001-C09,20001403-NFA-1,710.006,1420.012,10092066,1,20001403-NFA-12,2200
1,A01,23100268-NFA-2,001-C09,20001403-NFA-2,989.994,1979.988,10092066,1,20001403-NFA-12,2200
1,A01,23103013-ABF-1,001-C09,20001405-ABF-1,250,490,10098713,1,20001405-NFA-1,240
1,A01,23101302-ABF-1,001-C08,20001406-ABF-1,634.004,1268.009,10014048,1,20001406-FA-12,5816.026
1,A01,23101302-ABF-12,001-C08,20001406-ABF-12,4330.006,8660.013,10014048,1,20001406-FA-12,5816.026
1,A01,23101617-ABF-34,001-C09,20001406-ABF-34,1502.997,5748.994,10044783,1,20001406-ABF-234,6500
1,A01,23101500-ABF-34,001-C09,20001406-ABF-34,2053,6298.997,10044783,1,20001406-ABF-234,6500
1,A01,23101630-ABF-34,001-C08,20001406-ABF-34,690,4935.997,10044783,1,20001406-ABF-234,6500
1,A01,23101617-ABF-4,001-C08,20001406-ABF-4,1486.002,2972.004,10044783,1,20001406-ABF-234,6500
1,A01,23101644-HP-23,001-C09,20001406-HP-23,1068,1367.999,10044774,1,20001406-ABF-23,299.999
1,A01,23101644-HP-23,001-C09,20001406-HP-23,1068,1836.001,10044783,1,20001406-ABF-234,6500
1,A01,23102761-ABF-34,001-C08,20001409-ABF-34,1500.003,3500.006,10094412,1,20001409-NFA-12345,8538.003
1,A01,23102761-ABF-34,001-C08,20001409-ABF-34,1500.003,3500.006,10092607,1,20001409-NFA-12345,3024
1,A01,23102683-ABF-34,001-C08,20001409-ABF-34,500,2500.003,10094412,1,20001409-NFA-12345,8538.003
1,A01,23102683-ABF-34,001-C08,20001409-ABF-34,500,2500.003,10092607,1,20001409-NFA-12345,3024
1,A01,23102679-FA-3,001-C08,20001409-FA-3,810,1620,10092511,1,20001409-NFA-123,1296
1,A01,23102679-FA-3,001-C08,20001409-FA-3,810,1620,10098742,1,20001409-NFA-123,3600
1,A01,23102679-FA-3,001-C08,20001409-FA-3,810,810,10094412,1,20001409-NFA-12345,8538.003
1,A01,23102679-FA-3,001-C08,20001409-FA-3,810,810,10092607,1,20001409-NFA-12345,3024
1,A01,23102634-NFA-1,001-C08,20001409-NFA-1,531.994,531.994,10098742,1,20001409-NFA-123,3600
1,A01,23102634-NFA-1,001-C08,20001409-NFA-1,531.994,531.994,10092511,1,20001409-NFA-123,1296
1,A01,23102634-NFA-1,001-C08,20001409-NFA-1,531.994,1063.988,10092607,1,20001409-NFA-12345,3024
1,A01,23102634-NFA-1,001-C08,20001409-NFA-1,531.994,1063.988,10094412,1,20001409-NFA-12345,8538.003
1,A01,23102647-NFA-12,001-C08,20001409-NFA-12,2580.006,2580.006,10092511,1,20001409-NFA-123,1296
1,A01,23102647-NFA-12,001-C08,20001409-NFA-12,2580.006,2580.006,10098742,1,20001409-NFA-123,3600
1,A01,23102647-NFA-12,001-C08,20001409-NFA-12,2580.006,5160.012,10094412,1,20001409-NFA-12345,8538.003
1,A01,23102647-NFA-12,001-C08,20001409-NFA-12,2580.006,5160.012,10092607,1,20001409-NFA-12345,3024
1,A01,23102645-NFA-1234,001-C08,20001409-NFA-1234,1480,2960,10092607,1,20001409-NFA-12345,3024
1,A01,23102645-NFA-1234,001-C08,20001409-NFA-1234,1480,2960,10094412,1,20001409-NFA-12345,8538.003
1,A01,23102634-NFA-2,001-C08,20001409-NFA-2,1044,2088,10098742,1,20001409-NFA-123,3600
1,A01,23102634-NFA-2,001-C08,20001409-NFA-2,1044,2088,10092511,1,20001409-NFA-123,1296
1,A01,23102634-NFA-2,001-C08,20001409-NFA-2,1044,1044,10092607,1,20001409-NFA-12345,3024
1,A01,23102634-NFA-2,001-C08,20001409-NFA-2,1044,1044,10094412,1,20001409-NFA-12345,8538.003
1,A01,23102653-NFA-23,001-C08,20001409-NFA-23,864,3406,10092511,1,20001409-NFA-123,1296
1,A01,23102653-NFA-23,001-C08,20001409-NFA-23,864,3406,10098742,1,20001409-NFA-123,3600
1,A01,23102770-NFA-23,001-C08,20001409-NFA-23,5734,8276,10092511,1,20001409-NFA-123,1296
1,A01,23102770-NFA-23,001-C08,20001409-NFA-23,5734,8276,10098742,1,20001409-NFA-123,3600
1,A01,23102770-NFA-23,001-C08,20001409-NFA-23,5734,9790,10094412,1,20001409-NFA-12345,8538.003
1,A01,23102770-NFA-23,001-C08,20001409-NFA-23,5734,9790,10092607,1,20001409-NFA-12345,3024
1,A01,23102653-NFA-23,001-C08,20001409-NFA-23,864,4920,10094412,1,20001409-NFA-12345,8538.003
1,A01,23102653-NFA-23,001-C08,20001409-NFA-23,864,4920,10092607,1,20001409-NFA-12345,3024
1,A01,23102653-NFA-3,001-C08,20001409-NFA-3,500,1000,10092511,1,20001409-NFA-123,1296
1,A01,23102653-NFA-3,001-C08,20001409-NFA-3,500,1000,10098742,1,20001409-NFA-123,3600
1,A01,23102653-NFA-3,001-C08,20001409-NFA-3,500,500,10092607,1,20001409-NFA-12345,3024
1,A01,23102653-NFA-3,001-C08,20001409-NFA-3,500,500,10094412,1,20001409-NFA-12345,8538.003
1,A01,23102645-NFA-34,001-C08,20001409-NFA-34,500,1000,10092607,1,20001409-NFA-12345,3024
1,A01,23102645-NFA-34,001-C08,20001409-NFA-34,500,1000,10094412,1,20001409-NFA-12345,8538.003
1,A01,23102770-NFA-45,001-C08,20001409-NFA-45,2814,3228,10092607,1,20001409-NFA-12345,3024
1,A01,23102770-NFA-45,001-C08,20001409-NFA-45,2814,3228,10094412,1,20001409-NFA-12345,8538.003
1,A01,23102761-ABF-34,001-C08,20001410-ABF-34,1500.003,3500.006,10098750,1,20001410-NFA-12345,16000
1,A01,23102761-ABF-34,001-C08,20001410-ABF-34,1500.003,3500.006,10094409,1,20001410-NFA-12345,2858.003
1,A01,23102683-ABF-34,001-C08,20001410-ABF-34,500,2500.003,10098750,1,20001410-NFA-12345,16000
1,A01,23102683-ABF-34,001-C08,20001410-ABF-34,500,2500.003,10094409,1,20001410-NFA-12345,2858.003
1,A01,23102679-FA-3,001-C08,20001410-FA-3,810,1620,10094409,1,20001410-NFA-12345,2858.003
1,A01,23102679-FA-3,001-C08,20001410-FA-3,810,1620,10098750,1,20001410-NFA-12345,16000
1,A01,23102634-NFA-1,001-C08,20001410-NFA-1,531.994,1063.988,10098750,1,20001410-NFA-12345,16000
1,A01,23102634-NFA-1,001-C08,20001410-NFA-1,531.994,1063.988,10094409,1,20001410-NFA-12345,2858.003
1,A01,23102647-NFA-12,001-C08,20001410-NFA-12,2580.006,5160.012,10094409,1,20001410-NFA-12345,2858.003
1,A01,23102647-NFA-12,001-C08,20001410-NFA-12,2580.006,5160.012,10098750,1,20001410-NFA-12345,16000
1,A01,23102645-NFA-1234,001-C08,20001410-NFA-1234,1480,2960,10094409,1,20001410-NFA-12345,2858.003
1,A01,23102645-NFA-1234,001-C08,20001410-NFA-1234,1480,2960,10098750,1,20001410-NFA-12345,16000
1,A01,23102634-NFA-2,001-C08,20001410-NFA-2,1044,2088,10098750,1,20001410-NFA-12345,16000
1,A01,23102634-NFA-2,001-C08,20001410-NFA-2,1044,2088,10094409,1,20001410-NFA-12345,2858.003
1,A01,23102770-NFA-23,001-C08,20001410-NFA-23,5734,12332,10094409,1,20001410-NFA-12345,2858.003
1,A01,23102770-NFA-23,001-C08,20001410-NFA-23,5734,12332,10098750,1,20001410-NFA-12345,16000
1,A01,23102653-NFA-23,001-C08,20001410-NFA-23,864,7462,10094409,1,20001410-NFA-12345,2858.003
1,A01,23102653-NFA-23,001-C08,20001410-NFA-23,864,7462,10098750,1,20001410-NFA-12345,16000
1,A01,23102653-NFA-3,001-C08,20001410-NFA-3,500,1000,10098750,1,20001410-NFA-12345,16000
1,A01,23102653-NFA-3,001-C08,20001410-NFA-3,500,1000,10094409,1,20001410-NFA-12345,2858.003
1,A01,23102645-NFA-34,001-C08,20001410-NFA-34,500,1000,10094409,1,20001410-NFA-12345,2858.003
1,A01,23102645-NFA-34,001-C08,20001410-NFA-34,500,1000,10098750,1,20001410-NFA-12345,16000
1,A01,23102770-NFA-45,001-C08,20001410-NFA-45,2814,5628,10094409,1,20001410-NFA-12345,2858.003
1,A01,23102770-NFA-45,001-C08,20001410-NFA-45,2814,5628,10098750,1,20001410-NFA-12345,16000
1,A01,23101302-ABF-1,001-C08,20001502-ABF-1,634.004,634.004,10044873,1,20001502-ABF-12,2906
1,A01,23103013-ABF-1,001-C09,20001502-ABF-1,500,500,10044873,1,20001502-ABF-12,2906
1,A01,23101617-ABF-34,001-C09,20001503-ABF-34,1502.997,7748.998,10044609,1,20001503-ABF-1234,900
1,A01,23101617-ABF-34,001-C09,20001503-ABF-34,1502.997,7748.998,10044602,1,20001503-ABF-1234,7900.012
1,A01,23101500-ABF-34,001-C09,20001503-ABF-34,2053,8299.001,10044609,1,20001503-ABF-1234,900
1,A01,23101500-ABF-34,001-C09,20001503-ABF-34,2053,8299.001,10044602,1,20001503-ABF-1234,7900.012
1,A01,23102683-ABF-34,001-C08,20001503-ABF-34,500,6746.001,10044609,1,20001503-ABF-1234,900
1,A01,23102683-ABF-34,001-C08,20001503-ABF-34,500,6746.001,10044602,1,20001503-ABF-1234,7900.012
1,A01,23102761-ABF-34,001-C08,20001503-ABF-34,1500.003,7746.004,10044609,1,20001503-ABF-1234,900
1,A01,23102761-ABF-34,001-C08,20001503-ABF-34,1500.003,7746.004,10044602,1,20001503-ABF-1234,7900.012
1,A01,23101630-ABF-34,001-C08,20001503-ABF-34,690,6936.001,10044609,1,20001503-ABF-1234,900
1,A01,23101630-ABF-34,001-C08,20001503-ABF-34,690,6936.001,10044602,1,20001503-ABF-1234,7900.012
1,A01,23102683-ABF-34,001-C08,20001503-ABF-34,500,500,10098734,1,20001503-NFA-1234,1580
1,A01,23102761-ABF-34,001-C08,20001503-ABF-34,1500.003,1500.003,10098734,1,20001503-NFA-1234,1580
1,A01,23101630-ABF-34,001-C08,20001503-ABF-34,690,690,10098734,1,20001503-NFA-1234,1580
1,A01,23101617-ABF-34,001-C09,20001503-ABF-34,1502.997,1502.997,10098734,1,20001503-NFA-1234,1580
1,A01,23101500-ABF-34,001-C09,20001503-ABF-34,2053,2053,10098734,1,20001503-NFA-1234,1580
1,A01,23101500-ABF-34,001-C09,20001503-ABF-34,2053,2053,10044954,1,20001503-NFA-12345,656
1,A01,23101500-ABF-34,001-C09,20001503-ABF-34,2053,2053,10044957,1,20001503-NFA-12345,2158
1,A01,23101617-ABF-34,001-C09,20001503-ABF-34,1502.997,1502.997,10044954,1,20001503-NFA-12345,656
1,A01,23101617-ABF-34,001-C09,20001503-ABF-34,1502.997,1502.997,10044957,1,20001503-NFA-12345,2158
1,A01,23102761-ABF-34,001-C08,20001503-ABF-34,1500.003,1500.003,10044954,1,20001503-NFA-12345,656
1,A01,23102761-ABF-34,001-C08,20001503-ABF-34,1500.003,1500.003,10044957,1,20001503-NFA-12345,2158
1,A01,23102683-ABF-34,001-C08,20001503-ABF-34,500,500,10044954,1,20001503-NFA-12345,656
1,A01,23102683-ABF-34,001-C08,20001503-ABF-34,500,500,10044957,1,20001503-NFA-12345,2158
1,A01,23101630-ABF-34,001-C08,20001503-ABF-34,690,690,10044954,1,20001503-NFA-12345,656
1,A01,23101630-ABF-34,001-C08,20001503-ABF-34,690,690,10044957,1,20001503-NFA-12345,2158
1,A01,23102683-ABF-34,001-C08,20001503-ABF-34,500,500,10098784,1,20001503-NFA-34,400
1,A01,23102761-ABF-34,001-C08,20001503-ABF-34,1500.003,1500.003,10098784,1,20001503-NFA-34,400
1,A01,23101630-ABF-34,001-C08,20001503-ABF-34,690,690,10098784,1,20001503-NFA-34,400
1,A01,23101500-ABF-34,001-C09,20001503-ABF-34,2053,2053,10098784,1,20001503-NFA-34,400
1,A01,23101617-ABF-34,001-C09,20001503-ABF-34,1502.997,1502.997,10098784,1,20001503-NFA-34,400
1,A01,23101617-ABF-4,001-C08,20001503-ABF-4,1486.002,2972.005,10044602,1,20001503-ABF-1234,7900.012
1,A01,23101617-ABF-4,001-C08,20001503-ABF-4,1486.002,2972.005,10044609,1,20001503-ABF-1234,900
1,A01,23101617-ABF-4,001-C08,20001503-ABF-4,1486.002,1486.002,10098734,1,20001503-NFA-1234,1580
1,A01,23101617-ABF-4,001-C08,20001503-ABF-4,1486.002,1486.002,10044957,1,20001503-NFA-12345,2158
1,A01,23101617-ABF-4,001-C08,20001503-ABF-4,1486.002,1486.002,10044954,1,20001503-NFA-12345,656
1,A01,23101617-ABF-4,001-C08,20001503-ABF-4,1486.002,1486.002,10098784,1,20001503-NFA-34,400
1,A01,23101588-FA-12,001-C08,20001503-FA-12,852.01,1704.021,10040748,1,20001503-NFA-12,1258.016
1,A01,23101588-FA-12,001-C08,20001503-FA-12,852.01,1704.021,10098744,1,20001503-NFA-12,3750
1,A01,23101588-FA-12,001-C08,20001503-FA-12,852.01,852.01,10040747,1,20001503-NFA-123,7878.006
1,A01,23101588-FA-12,001-C08,20001503-FA-12,852.01,852.01,10043734,1,20001503-NFA-123,30
1,A01,23101588-FA-12,001-C08,20001503-FA-12,852.01,852.01,10098734,1,20001503-NFA-1234,1580
1,A01,23101588-FA-12,001-C08,20001503-FA-12,852.01,852.01,10044954,1,20001503-NFA-12345,656
1,A01,23101588-FA-12,001-C08,20001503-FA-12,852.01,852.01,10044957,1,20001503-NFA-12345,2158
1,A01,23102679-FA-3,001-C08,20001503-FA-3,810,1620.001,10043734,1,20001503-NFA-123,30
1,A01,23102679-FA-3,001-C08,20001503-FA-3,810,1620.001,10040747,1,20001503-NFA-123,7878.006
1,A01,23102679-FA-3,001-C08,20001503-FA-3,810,810,10098734,1,20001503-NFA-1234,1580
1,A01,23102679-FA-3,001-C08,20001503-FA-3,810,810,10044957,1,20001503-NFA-12345,2158
1,A01,23102679-FA-3,001-C08,20001503-FA-3,810,810,10044954,1,20001503-NFA-12345,656
1,A01,23102679-FA-3,001-C08,20001503-FA-3,810,810,10098784,1,20001503-NFA-34,400
1,A01,23101644-HP-23,001-C09,20001503-HP-23,1068,2136.001,10044602,1,20001503-ABF-1234,7900.012
1,A01,23101644-HP-23,001-C09,20001503-HP-23,1068,2136.001,10044609,1,20001503-ABF-1234,900
1,A01,23101644-HP-23,001-C09,20001503-HP-23,1068,1068,10040747,1,20001503-NFA-123,7878.006
1,A01,23101644-HP-23,001-C09,20001503-HP-23,1068,1068,10043734,1,20001503-NFA-123,30
1,A01,23101644-HP-23,001-C09,20001503-HP-23,1068,1068,10098734,1,20001503-NFA-1234,1580
1,A01,23101644-HP-23,001-C09,20001503-HP-23,1068,1068,10044957,1,20001503-NFA-12345,2158
1,A01,23101644-HP-23,001-C09,20001503-HP-23,1068,1068,10044954,1,20001503-NFA-12345,656
1,A01,23102634-NFA-1,001-C08,20001503-NFA-1,531.994,1063.989,10040748,1,20001503-NFA-12,1258.016
1,A01,23102634-NFA-1,001-C08,20001503-NFA-1,531.994,1063.989,10098744,1,20001503-NFA-12,3750
1,A01,23102634-NFA-1,001-C08,20001503-NFA-1,531.994,531.994,10040747,1,20001503-NFA-123,7878.006
1,A01,23102634-NFA-1,001-C08,20001503-NFA-1,531.994,531.994,10043734,1,20001503-NFA-123,30
1,A01,23102634-NFA-1,001-C08,20001503-NFA-1,531.994,531.994,10098734,1,20001503-NFA-1234,1580
1,A01,23102634-NFA-1,001-C08,20001503-NFA-1,531.994,531.994,10044954,1,20001503-NFA-12345,656
1,A01,23102634-NFA-1,001-C08,20001503-NFA-1,531.994,531.994,10044957,1,20001503-NFA-12345,2158
1,A01,23102647-NFA-12,001-C08,20001503-NFA-12,2580.006,2580.006,10043734,1,20001503-NFA-123,30
1,A01,23102647-NFA-12,001-C08,20001503-NFA-12,2580.006,2580.006,10040747,1,20001503-NFA-123,7878.006
1,A01,23102647-NFA-12,001-C08,20001503-NFA-12,2580.006,2580.006,10098734,1,20001503-NFA-1234,1580
1,A01,23102647-NFA-12,001-C08,20001503-NFA-12,2580.006,2580.006,10044957,1,20001503-NFA-12345,2158
1,A01,23102647-NFA-12,001-C08,20001503-NFA-12,2580.006,2580.006,10044954,1,20001503-NFA-12345,656
1,A01,23102645-NFA-1234,001-C08,20001503-NFA-1234,1480,1480,10044957,1,20001503-NFA-12345,2158
1,A01,23102645-NFA-1234,001-C08,20001503-NFA-1234,1480,1480,10044954,1,20001503-NFA-12345,656
1,A01,23102634-NFA-2,001-C08,20001503-NFA-2,1044,2088.001,10098744,1,20001503-NFA-12,3750
1,A01,23102634-NFA-2,001-C08,20001503-NFA-2,1044,2088.001,10040748,1,20001503-NFA-12,1258.016
1,A01,23102634-NFA-2,001-C08,20001503-NFA-2,1044,1044,10043734,1,20001503-NFA-123,30
1,A01,23102634-NFA-2,001-C08,20001503-NFA-2,1044,1044,10040747,1,20001503-NFA-123,7878.006
1,A01,23102634-NFA-2,001-C08,20001503-NFA-2,1044,1044,10098734,1,20001503-NFA-1234,1580
1,A01,23102634-NFA-2,001-C08,20001503-NFA-2,1044,1044,10044957,1,20001503-NFA-12345,2158
1,A01,23102634-NFA-2,001-C08,20001503-NFA-2,1044,1044,10044954,1,20001503-NFA-12345,656
1,A01,23102770-NFA-23,001-C08,20001503-NFA-23,5734,12332.001,10040747,1,20001503-NFA-123,7878.006
1,A01,23102770-NFA-23,001-C08,20001503-NFA-23,5734,12332.001,10043734,1,20001503-NFA-123,30
1,A01,23102653-NFA-23,001-C08,20001503-NFA-23,864,7462.001,10040747,1,20001503-NFA-123,7878.006
1,A01,23102653-NFA-23,001-C08,20001503-NFA-23,864,7462.001,10043734,1,20001503-NFA-123,30
1,A01,23102653-NFA-23,001-C08,20001503-NFA-23,864,864,10098734,1,20001503-NFA-1234,1580
1,A01,23102770-NFA-23,001-C08,20001503-NFA-23,5734,5734,10098734,1,20001503-NFA-1234,1580
1,A01,23102770-NFA-23,001-C08,20001503-NFA-23,5734,5734,10044957,1,20001503-NFA-12345,2158
1,A01,23102653-NFA-23,001-C08,20001503-NFA-23,864,864,10044957,1,20001503-NFA-12345,2158
1,A01,23102770-NFA-23,001-C08,20001503-NFA-23,5734,5734,10044954,1,20001503-NFA-12345,656
1,A01,23102653-NFA-23,001-C08,20001503-NFA-23,864,864,10044954,1,20001503-NFA-12345,656
1,A01,23102653-NFA-3,001-C08,20001503-NFA-3,500,1000.001,10043734,1,20001503-NFA-123,30
1,A01,23102653-NFA-3,001-C08,20001503-NFA-3,500,1000.001,10040747,1,20001503-NFA-123,7878.006
1,A01,23102653-NFA-3,001-C08,20001503-NFA-3,500,500,10098734,1,20001503-NFA-1234,1580
1,A01,23102653-NFA-3,001-C08,20001503-NFA-3,500,500,10044954,1,20001503-NFA-12345,656
1,A01,23102653-NFA-3,001-C08,20001503-NFA-3,500,500,10044957,1,20001503-NFA-12345,2158
1,A01,23102653-NFA-3,001-C08,20001503-NFA-3,500,500,10098784,1,20001503-NFA-34,400
1,A01,23102645-NFA-34,001-C08,20001503-NFA-34,500,600,10098734,1,20001503-NFA-1234,1580
1,A01,23102645-NFA-34,001-C08,20001503-NFA-34,500,500,10044957,1,20001503-NFA-12345,2158
1,A01,23102645-NFA-34,001-C08,20001503-NFA-34,500,500,10044954,1,20001503-NFA-12345,656
1,A01,23102770-NFA-45,001-C08,20001503-NFA-45,2814,5628,10044957,1,20001503-NFA-12345,2158
1,A01,23102770-NFA-45,001-C08,20001503-NFA-45,2814,5628,10044954,1,20001503-NFA-12345,656
1,A01,23102679-FA-3,001-C08,20001602-FA-3,810,1620,10097030,1,20001602-NFA-23,5816
1,A01,23102679-FA-3,001-C08,20001602-FA-3,810,1620,10094003,1,20001602-NFA-23,2092
1,A01,23102653-NFA-3,001-C08,20001602-NFA-3,500,1000,10097030,1,20001602-NFA-23,5816
1,A01,23102653-NFA-3,001-C08,20001602-NFA-3,500,1000,10094003,1,20001602-NFA-23,2092
1,A01,23101617-ABF-4,001-C08,20001603-ABF-4,1486.002,2972.005,10044899,1,20001603-ABF-34,7732.004
1,A01,23101009-ABF-12,001-C09,20001604-ABF-12,500,1000.001,10040706,1,20001604-NFA-12,5646.003
1,A01,23102634-NFA-1,001-C08,20001604-NFA-1,531.994,1063.989,10040706,1,20001604-NFA-12,5646.003
1,A01,23100268-NFA-2,001-C09,20001604-NFA-2,989.994,3023.989,10040706,1,20001604-NFA-12,5646.003
1,A01,23102634-NFA-2,001-C08,20001604-NFA-2,1044,3077.995,10040706,1,20001604-NFA-12,5646.003
1,A01,23103013-ABF-1,001-C09,20001606-ABF-1,500,1000.001,10040705,1,20001606-NFA-12,1210.015
1,A01,23101076-NFA-1,001-C09,20001606-NFA-1,710.006,1420.013,10040705,1,20001606-NFA-12,1210.015
1,A01,23101644-HP-23,001-C09,20001609-HP-23,1068,2136,10095613,1,20001609-FA-23,1068
1,A01,23103013-ABF-1,001-C09,20001701-ABF-1,500,500,10014484,1,20001701-NFA-12,5856
1,A01,23101302-ABF-1,001-C08,20001701-ABF-1,634.004,634.004,10014484,1,20001701-NFA-12,5856
1,A01,23101009-ABF-12,001-C09,20001701-ABF-12,500,500,10014484,1,20001701-NFA-12,5856
1,A01,23101302-ABF-12,001-C08,20001701-ABF-12,4330.006,4330.006,10014484,1,20001701-NFA-12,5856
1,A01,23101588-FA-12,001-C08,20001701-FA-12,852.01,852.01,10014484,1,20001701-NFA-12,5856
1,A01,23102634-NFA-1,001-C08,20001701-NFA-1,531.994,1773.994,10014484,1,20001701-NFA-12,5856
1,A01,23101076-NFA-1,001-C09,20001701-NFA-1,710.006,1952.006,10014484,1,20001701-NFA-12,5856
1,A01,23102634-NFA-2,001-C08,20001701-NFA-2,1044,3077.994,10014484,1,20001701-NFA-12,5856
1,A01,23100268-NFA-2,001-C09,20001701-NFA-2,989.994,3023.988,10014484,1,20001701-NFA-12,5856
1,A01,23103013-ABF-1,001-C09,20001801-ABF-1,500,500,10044857,1,20001801-ABF-123,1568
1,A01,23103013-ABF-1,001-C09,20001801-ABF-1,500,1000,10094457,1,20001801-NFA-1,1742
1,A01,23103013-ABF-1,001-C09,20001801-ABF-1,500,500,10098778,1,20001801-NFA-12,720
1,A01,23103013-ABF-1,001-C09,20001801-ABF-1,500,500,10092850,1,20001801-NFA-12,108
1,A01,23103013-ABF-1,001-C09,20001801-ABF-1,500,500,10059180,1,20001801-NFA-12345,5766
1,A01,23101009-ABF-12,001-C09,20001801-ABF-12,500,1000,10044857,1,20001801-ABF-123,1568
1,A01,23101009-ABF-12,001-C09,20001801-ABF-12,500,500,10098778,1,20001801-NFA-12,720
1,A01,23101009-ABF-12,001-C09,20001801-ABF-12,500,500,10092850,1,20001801-NFA-12,108
1,A01,23101009-ABF-12,001-C09,20001801-ABF-12,500,500,10059180,1,20001801-NFA-12345,5766
1,A01,23101617-ABF-34,001-C09,20001801-ABF-34,1502.997,1502.997,10059180,1,20001801-NFA-12345,5766
1,A01,23101500-ABF-34,001-C09,20001801-ABF-34,2053,2053,10059180,1,20001801-NFA-12345,5766
1,A01,23101630-ABF-34,001-C08,20001801-ABF-34,690,690,10059180,1,20001801-NFA-12345,5766
1,A01,23102683-ABF-34,001-C08,20001801-ABF-34,500,500,10059180,1,20001801-NFA-12345,5766
1,A01,23102761-ABF-34,001-C08,20001801-ABF-34,1500.003,1500.003,10059180,1,20001801-NFA-12345,5766
1,A01,23101617-ABF-4,001-C08,20001801-ABF-4,1486.002,1486.002,10059180,1,20001801-NFA-12345,5766
1,A01,23100751-ABF-45,001-C09,20001801-ABF-45,500,500,10059180,1,20001801-NFA-12345,5766
1,A01,23101644-HP-23,001-C09,20001801-HP-23,1068,2136,10044857,1,20001801-ABF-123,1568
1,A01,23101644-HP-23,001-C09,20001801-HP-23,1068,1068,10059180,1,20001801-NFA-12345,5766
1,A01,23101076-NFA-1,001-C09,20001801-NFA-1,710.006,710.006,10092850,1,20001801-NFA-12,108
1,A01,23101076-NFA-1,001-C09,20001801-NFA-1,710.006,710.006,10098778,1,20001801-NFA-12,720
1,A01,23102634-NFA-1,001-C08,20001801-NFA-1,531.994,531.994,10092850,1,20001801-NFA-12,108
1,A01,23102634-NFA-1,001-C08,20001801-NFA-1,531.994,531.994,10098778,1,20001801-NFA-12,720
1,A01,23101076-NFA-1,001-C09,20001801-NFA-1,710.006,710.006,10059180,1,20001801-NFA-12345,5766
1,A01,23102634-NFA-1,001-C08,20001801-NFA-1,531.994,531.994,10059180,1,20001801-NFA-12345,5766
1,A01,23102647-NFA-12,001-C08,20001801-NFA-12,2580.006,4332.012,10059180,1,20001801-NFA-12345,5766
1,A01,23102645-NFA-1234,001-C08,20001801-NFA-1234,1480,2960,10059180,1,20001801-NFA-12345,5766
1,A01,23102634-NFA-2,001-C08,20001801-NFA-2,1044,1044,10092850,1,20001801-NFA-12,108
1,A01,23102634-NFA-2,001-C08,20001801-NFA-2,1044,1044,10098778,1,20001801-NFA-12,720
1,A01,23100268-NFA-2,001-C09,20001801-NFA-2,989.994,989.994,10092850,1,20001801-NFA-12,108
1,A01,23100268-NFA-2,001-C09,20001801-NFA-2,989.994,989.994,10098778,1,20001801-NFA-12,720
1,A01,23100268-NFA-2,001-C09,20001801-NFA-2,989.994,3023.988,10059180,1,20001801-NFA-12345,5766
1,A01,23102634-NFA-2,001-C08,20001801-NFA-2,1044,3077.994,10059180,1,20001801-NFA-12345,5766
1,A01,23102645-NFA-34,001-C08,20001801-NFA-34,500,1000,10059180,1,20001801-NFA-12345,5766
1,A02,23101526-ABF-2,001-C01,20001104-ABF-2,830,1660,10095042,1,20001104-FA-12,830
1,A02,23101526-ABF-2,001-C01,20001104-ABF-2,830,830,10095807,1,20001104-NFA-12,1896
1,A02,23101535-NFA-2,001-C01,20001104-NFA-2,1396,2792,10095807,1,20001104-NFA-12,1896
1,A02,23102211-NFA-34,001-C01,20001105-NFA-34,500,860,10059775,1,20001105-NFA-234,360
1,A02,23102748-ABF-4,001-C01,20001106-ABF-4,1102,1666,10094410,1,20001106-ABF-45,564
1,A02,23102748-ABF-4,001-C01,20001106-ABF-4,1102,1640,10094408,1,20001106-NFA-45,1450
1,A02,23102436-ABF-2,001-C01,20001112-ABF-2,1132,2264,10095008,1,20001112-FA-12,1132
1,A02,23101500-NFA-3,001-C01,20001201-NFA-3,1470,4548,10093104,1,20001201-NFA-12345,3078
1,A02,23100326-NFA-3,001-C01,20001201-NFA-3,1608,4686,10093104,1,20001201-NFA-12345,3078
1,A02,23101526-ABF-2,001-C01,20001202-ABF-2,830,2792.001,10098771,1,20001202-NFA-234,9046.017
1,A02,23102436-ABF-2,001-C01,20001202-ABF-2,1132,3094.001,10098771,1,20001202-NFA-234,9046.017
1,A02,23101747-ABF-23,001-C01,20001202-ABF-23,2808,5616.001,10098771,1,20001202-NFA-234,9046.017
1,A02,23102748-ABF-4,001-C01,20001202-ABF-4,1102,2204.001,10098771,1,20001202-NFA-234,9046.017
1,A02,23101327-FA-23,001-C01,20001202-FA-23,568,1136.001,10098771,1,20001202-NFA-234,9046.017
1,A02,23101535-NFA-2,001-C01,20001202-NFA-2,1396,2792.001,10098771,1,20001202-NFA-234,9046.017
1,A02,23102748-NFA-34,001-C01,20001202-NFA-34,578,1156.001,10098771,1,20001202-NFA-234,9046.017
1,A02,23102761-ABF-1234,001-C01,20001203-ABF-1234,500,1000.001,10087021,1,20001203-NFA-12345,2412.036
1,A02,23102761-FA-12345,001-C01,20001203-FA-12345,500,1000.001,10087021,1,20001203-NFA-12345,2412.036
1,A02,23102692-NFA-12,001-C01,20001203-NFA-12,500,1000.001,10087021,1,20001203-NFA-12345,2412.036
1,A02,23102770-NFA-45,001-C01,20001203-NFA-45,912,1824.001,10087021,1,20001203-NFA-12345,2412.036
1,A02,23101747-ABF-23,001-C01,20001301-ABF-23,2808,5616,10092839,1,20001301-NFA-234,6188
1,A02,23102748-ABF-4,001-C01,20001301-ABF-4,1102,2204,10092839,1,20001301-NFA-234,6188
1,A02,23101327-FA-23,001-C01,20001301-FA-23,568,1136,10092839,1,20001301-NFA-234,6188
1,A02,23102211-NFA-34,001-C01,20001301-NFA-34,500,1578,10092839,1,20001301-NFA-234,6188
1,A02,23102748-NFA-34,001-C01,20001301-NFA-34,578,1656,10092839,1,20001301-NFA-234,6188
1,A02,23101526-ABF-2,001-C01,20001406-ABF-2,830,1660,10098761,1,20001406-NFA-23,8680
1,A02,23101747-ABF-23,001-C01,20001406-ABF-23,2808,5616,10098761,1,20001406-NFA-23,8680
1,A02,23101327-FA-23,001-C01,20001406-FA-23,568,1136,10098761,1,20001406-NFA-23,8680
1,A02,23101535-NFA-2,001-C01,20001406-NFA-2,1396,2792,10098761,1,20001406-NFA-23,8680
1,A02,23100326-NFA-3,001-C01,20001406-NFA-3,1608,4686,10098761,1,20001406-NFA-23,8680
1,A02,23101500-NFA-3,001-C01,20001406-NFA-3,1470,4548,10098761,1,20001406-NFA-23,8680
1,A02,23102761-ABF-1234,001-C01,20001409-ABF-1234,500,1000,10092607,1,20001409-NFA-12345,4724
1,A02,23102748-ABF-4,001-C01,20001409-ABF-4,1102,2204,10092607,1,20001409-NFA-12345,4724
1,A02,23102761-FA-12345,001-C01,20001409-FA-12345,500,1000,10092607,1,20001409-NFA-12345,4724
1,A02,23102692-NFA-12,001-C01,20001409-NFA-12,500,1000,10092607,1,20001409-NFA-12345,4724
1,A02,23103615-NFA-234,001-C01,20001409-NFA-234,632,1264,10092607,1,20001409-NFA-12345,4724
1,A02,23102748-NFA-34,001-C01,20001409-NFA-34,578,1156,10092607,1,20001409-NFA-12345,4724
1,A02,23102770-NFA-45,001-C01,20001409-NFA-45,912,1824,10092607,1,20001409-NFA-12345,4724
1,A02,23102761-ABF-1234,001-C01,20001410-ABF-1234,500,1000,10092608,1,20001410-NFA-12345,5856
1,A02,23102436-ABF-2,001-C01,20001410-ABF-2,1132,2264,10092608,1,20001410-NFA-12345,5856
1,A02,23102748-ABF-4,001-C01,20001410-ABF-4,1102,2204,10092608,1,20001410-NFA-12345,5856
1,A02,23102761-FA-12345,001-C01,20001410-FA-12345,500,1000,10092608,1,20001410-NFA-12345,5856
1,A02,23102692-NFA-12,001-C01,20001410-NFA-12,500,1000,10092608,1,20001410-NFA-12345,5856
1,A02,23103615-NFA-234,001-C01,20001410-NFA-234,632,1264,10092608,1,20001410-NFA-12345,5856
1,A02,23102748-NFA-34,001-C01,20001410-NFA-34,578,1156,10092608,1,20001410-NFA-12345,5856
1,A02,23102770-NFA-45,001-C01,20001410-NFA-45,912,1824,10092608,1,20001410-NFA-12345,5856
1,A02,23101327-FA-23,001-C01,20001502-FA-23,568,1136,10092107,1,20001502-NFA-234,2808
1,A02,23100326-NFA-3,001-C01,20001502-NFA-3,1608,3216,10092107,1,20001502-NFA-234,2808
1,A02,23102761-ABF-1234,001-C01,20001503-ABF-1234,500,500,10087023,1,20001503-NFA-1234,1480
1,A02,23102761-ABF-1234,001-C01,20001503-ABF-1234,500,500,10044957,1,20001503-NFA-12345,2234
1,A02,23102761-ABF-1234,001-C01,20001503-ABF-1234,500,500,10044954,1,20001503-NFA-12345,146
1,A02,23101526-ABF-2,001-C01,20001503-ABF-2,830,1938,10044948,1,20001503-ABF-1234,1214
1,A02,23101526-ABF-2,001-C01,20001503-ABF-2,830,1938,10044946,1,20001503-ABF-1234,2912
1,A02,23101526-ABF-2,001-C01,20001503-ABF-2,830,1938,10044949,1,20001503-ABF-1234,276
1,A02,23102436-ABF-2,001-C01,20001503-ABF-2,1132,2240,10044948,1,20001503-ABF-1234,1214
1,A02,23102436-ABF-2,001-C01,20001503-ABF-2,1132,2240,10044946,1,20001503-ABF-1234,2912
1,A02,23102436-ABF-2,001-C01,20001503-ABF-2,1132,2240,10044949,1,20001503-ABF-1234,276
1,A02,23102436-ABF-2,001-C01,20001503-ABF-2,1132,2240,10044197,1,20001503-ABF-1234,14
1,A02,23101526-ABF-2,001-C01,20001503-ABF-2,830,1938,10044197,1,20001503-ABF-1234,14
1,A02,23102436-ABF-2,001-C01,20001503-ABF-2,1132,1986,10044947,1,20001503-ABF-234,1956
1,A02,23101526-ABF-2,001-C01,20001503-ABF-2,830,1684,10044947,1,20001503-ABF-234,1956
1,A02,23101526-ABF-2,001-C01,20001503-ABF-2,830,830,10093845,1,20001503-NFA-12,1896
1,A02,23102436-ABF-2,001-C01,20001503-ABF-2,1132,1132,10093845,1,20001503-NFA-12,1896
1,A02,23102436-ABF-2,001-C01,20001503-ABF-2,1132,1132,10087023,1,20001503-NFA-1234,1480
1,A02,23101526-ABF-2,001-C01,20001503-ABF-2,830,830,10087023,1,20001503-NFA-1234,1480
1,A02,23101526-ABF-2,001-C01,20001503-ABF-2,830,830,10044954,1,20001503-NFA-12345,146
1,A02,23101526-ABF-2,001-C01,20001503-ABF-2,830,830,10044957,1,20001503-NFA-12345,2234
1,A02,23102436-ABF-2,001-C01,20001503-ABF-2,1132,1132,10044954,1,20001503-NFA-12345,146
1,A02,23102436-ABF-2,001-C01,20001503-ABF-2,1132,1132,10044957,1,20001503-NFA-12345,2234
1,A02,23101747-ABF-23,001-C01,20001503-ABF-23,2808,5616,10044197,1,20001503-ABF-1234,14
1,A02,23101747-ABF-23,001-C01,20001503-ABF-23,2808,5616,10044949,1,20001503-ABF-1234,276
1,A02,23101747-ABF-23,001-C01,20001503-ABF-23,2808,5616,10044946,1,20001503-ABF-1234,2912
1,A02,23101747-ABF-23,001-C01,20001503-ABF-23,2808,5616,10044948,1,20001503-ABF-1234,1214
1,A02,23101747-ABF-23,001-C01,20001503-ABF-23,2808,2808,10044947,1,20001503-ABF-234,1956
1,A02,23101747-ABF-23,001-C01,20001503-ABF-23,2808,2808,10087023,1,20001503-NFA-1234,1480
1,A02,23101747-ABF-23,001-C01,20001503-ABF-23,2808,2808,10044957,1,20001503-NFA-12345,2234
1,A02,23101747-ABF-23,001-C01,20001503-ABF-23,2808,2808,10044954,1,20001503-NFA-12345,146
1,A02,23102748-ABF-4,001-C01,20001503-ABF-4,1102,1102,10044948,1,20001503-ABF-1234,1214
1,A02,23102748-ABF-4,001-C01,20001503-ABF-4,1102,1102,10044946,1,20001503-ABF-1234,2912
1,A02,23102748-ABF-4,001-C01,20001503-ABF-4,1102,1102,10044949,1,20001503-ABF-1234,276
1,A02,23102748-ABF-4,001-C01,20001503-ABF-4,1102,1102,10044197,1,20001503-ABF-1234,14
1,A02,23102748-ABF-4,001-C01,20001503-ABF-4,1102,2204,10044947,1,20001503-ABF-234,1956
1,A02,23102748-ABF-4,001-C01,20001503-ABF-4,1102,1102,10087023,1,20001503-NFA-1234,1480
1,A02,23102748-ABF-4,001-C01,20001503-ABF-4,1102,1102,10044954,1,20001503-NFA-12345,146
1,A02,23102748-ABF-4,001-C01,20001503-ABF-4,1102,1102,10044957,1,20001503-NFA-12345,2234
1,A02,23102748-ABF-4,001-C01,20001503-ABF-4,1102,1102,10098784,1,20001503-NFA-34,100
1,A02,23102761-FA-12345,001-C01,20001503-FA-12345,500,1000,10044954,1,20001503-NFA-12345,146
1,A02,23102761-FA-12345,001-C01,20001503-FA-12345,500,1000,10044957,1,20001503-NFA-12345,2234
1,A02,23102692-NFA-12,001-C01,20001503-NFA-12,500,500,10087023,1,20001503-NFA-1234,1480
1,A02,23102692-NFA-12,001-C01,20001503-NFA-12,500,500,10044954,1,20001503-NFA-12345,146
1,A02,23102692-NFA-12,001-C01,20001503-NFA-12,500,500,10044957,1,20001503-NFA-12345,2234
1,A02,23101535-NFA-2,001-C01,20001503-NFA-2,1396,2792,10093845,1,20001503-NFA-12,1896
1,A02,23101535-NFA-2,001-C01,20001503-NFA-2,1396,1396,10087023,1,20001503-NFA-1234,1480
1,A02,23101535-NFA-2,001-C01,20001503-NFA-2,1396,1396,10044957,1,20001503-NFA-12345,2234
1,A02,23101535-NFA-2,001-C01,20001503-NFA-2,1396,1396,10044954,1,20001503-NFA-12345,146
1,A02,23101500-NFA-3,001-C01,20001503-NFA-3,1470,1972,10087023,1,20001503-NFA-1234,1480
1,A02,23101500-NFA-3,001-C01,20001503-NFA-3,1470,2438,10044957,1,20001503-NFA-12345,2234
1,A02,23101500-NFA-3,001-C01,20001503-NFA-3,1470,2438,10044954,1,20001503-NFA-12345,146
1,A02,23101500-NFA-3,001-C01,20001503-NFA-3,1470,1470,10098784,1,20001503-NFA-34,100
1,A02,23102748-NFA-34,001-C01,20001503-NFA-34,578,1556,10087023,1,20001503-NFA-1234,1480
1,A02,23102211-NFA-34,001-C01,20001503-NFA-34,500,1478,10087023,1,20001503-NFA-1234,1480
1,A02,23102211-NFA-34,001-C01,20001503-NFA-34,500,500,10044954,1,20001503-NFA-12345,146
1,A02,23102211-NFA-34,001-C01,20001503-NFA-34,500,500,10044957,1,20001503-NFA-12345,2234
1,A02,23102748-NFA-34,001-C01,20001503-NFA-34,578,578,10044954,1,20001503-NFA-12345,146
1,A02,23102748-NFA-34,001-C01,20001503-NFA-34,578,578,10044957,1,20001503-NFA-12345,2234
1,A02,23102770-NFA-45,001-C01,20001503-NFA-45,912,1824,10044954,1,20001503-NFA-12345,146
1,A02,23102770-NFA-45,001-C01,20001503-NFA-45,912,1824,10044957,1,20001503-NFA-12345,2234
1,A02,23101327-FA-23,001-C01,20001602-FA-23,568,1136,10094003,1,20001602-NFA-23,3572
1,A02,23101327-FA-23,001-C01,20001602-FA-23,568,568,10094011,1,20001602-NFA-234,1132
1,A02,23101535-NFA-2,001-C01,20001602-NFA-2,1396,2792,10094003,1,20001602-NFA-23,3572
1,A02,23101535-NFA-2,001-C01,20001602-NFA-2,1396,1396,10094011,1,20001602-NFA-234,1132
1,A02,23100326-NFA-3,001-C01,20001602-NFA-3,1608,3216,10094003,1,20001602-NFA-23,3572
1,A02,23100326-NFA-3,001-C01,20001602-NFA-3,1608,1608,10094011,1,20001602-NFA-234,1132
1,A02,23102211-NFA-34,001-C01,20001602-NFA-34,500,1000,10094011,1,20001602-NFA-234,1132
1,A02,23101526-ABF-2,001-C01,20001603-ABF-2,830,2792,10044898,1,20001603-ABF-12,1962
1,A02,23102436-ABF-2,001-C01,20001603-ABF-2,1132,3094,10044898,1,20001603-ABF-12,1962
1,A02,23102436-ABF-2,001-C01,20001603-ABF-2,1132,1132,10044874,1,20001603-ABF-23,2808
1,A02,23101526-ABF-2,001-C01,20001603-ABF-2,830,830,10044874,1,20001603-ABF-23,2808
1,A02,23102748-ABF-4,001-C01,20001603-ABF-4,1102,2204,10059777,1,20001603-NFA-34,1300
1,A02,23102748-ABF-4,001-C01,20001603-ABF-4,1102,2204,10059770,1,20001603-NFA-34,1850
1,A02,23101500-NFA-3,001-C01,20001603-NFA-3,1470,2940,10059777,1,20001603-NFA-34,1300
1,A02,23101500-NFA-3,001-C01,20001603-NFA-3,1470,2940,10059770,1,20001603-NFA-34,1850
1,A02,23102761-ABF-1234,001-C01,20001801-ABF-1234,500,500,10059180,1,20001801-NFA-12345,2048
1,A02,23101526-ABF-2,001-C01,20001801-ABF-2,830,2792,10044858,1,20001801-ABF-123,4634
1,A02,23101526-ABF-2,001-C01,20001801-ABF-2,830,2792,10044857,1,20001801-ABF-123,136
1,A02,23102436-ABF-2,001-C01,20001801-ABF-2,1132,3094,10044858,1,20001801-ABF-123,4634
1,A02,23102436-ABF-2,001-C01,20001801-ABF-2,1132,3094,10044857,1,20001801-ABF-123,136
1,A02,23101526-ABF-2,001-C01,20001801-ABF-2,830,830,10044799,1,20001801-ABF-1234,500
1,A02,23102436-ABF-2,001-C01,20001801-ABF-2,1132,1132,10044799,1,20001801-ABF-1234,500
1,A02,23102436-ABF-2,001-C01,20001801-ABF-2,1132,1132,10059180,1,20001801-NFA-12345,2048
1,A02,23101526-ABF-2,001-C01,20001801-ABF-2,830,830,10059180,1,20001801-NFA-12345,2048
1,A02,23101747-ABF-23,001-C01,20001801-ABF-23,2808,5616,10044857,1,20001801-ABF-123,136
1,A02,23101747-ABF-23,001-C01,20001801-ABF-23,2808,5616,10044858,1,20001801-ABF-123,4634
1,A02,23101747-ABF-23,001-C01,20001801-ABF-23,2808,2808,10044799,1,20001801-ABF-1234,500
1,A02,23101747-ABF-23,001-C01,20001801-ABF-23,2808,2808,10059180,1,20001801-NFA-12345,2048
1,A02,23102748-ABF-4,001-C01,20001801-ABF-4,1102,1102,10044799,1,20001801-ABF-1234,500
1,A02,23102748-ABF-4,001-C01,20001801-ABF-4,1102,1102,10059180,1,20001801-NFA-12345,2048
1,A02,23102761-FA-12345,001-C01,20001801-FA-12345,500,500,10059180,1,20001801-NFA-12345,2048
1,A02,23101500-NFA-3,001-C01,20001801-NFA-3,1470,2940,10059180,1,20001801-NFA-12345,2048
1,A02,23102748-NFA-34,001-C01,20001801-NFA-34,578,1156,10059180,1,20001801-NFA-12345,2048
1,A07,23100937-ABF-2,001-C01,20001102-ABF-2,618,618,10057336,1,20001102-FA-12,0.001
1,A07,23100937-ABF-2,001-C01,20001102-ABF-2,618,618,10092101,1,20001102-NFA-12345,1256
1,A07,23102653-FA-12345,001-C01,20001102-FA-12345,678,1356,10092101,1,20001102-NFA-12345,1256
1,A07,23101500-NFA-3,001-C01,20001102-NFA-3,1356.004,1356.004,10092101,1,20001102-NFA-12345,1256
1,A07,23101548-NFA-2,001-C01,20001104-NFA-2,588.004,1176.009,10059776,1,20001104-NFA-123,588.022
1,A07,23100937-ABF-2,001-C01,20001201-ABF-2,618,1236,10093104,1,20001201-NFA-12345,3230.004
1,A07,23102653-FA-12345,001-C01,20001201-FA-12345,678,1356,10093104,1,20001201-NFA-12345,3230.004
1,A07,23101500-NFA-3,001-C01,20001201-NFA-3,1356.004,2712.008,10093104,1,20001201-NFA-12345,3230.004
1,A07,23102748-NFA-34,001-C01,20001202-NFA-34,636.002,828.002,10098771,1,20001202-NFA-234,192
1,A07,23102111-ABF-34,001-C01,20001203-ABF-34,1968.002,1968.002,10092841,1,20001203-NFA-1234,108.004
1,A07,23102111-ABF-34,001-C01,20001203-ABF-34,1968.002,1968.002,10098785,1,20001203-NFA-12345,480
1,A07,23101548-NFA-2,001-C01,20001203-NFA-2,588.004,696.008,10092841,1,20001203-NFA-1234,108.004
1,A07,23101548-NFA-2,001-C01,20001203-NFA-2,588.004,1068.004,10098785,1,20001203-NFA-12345,480
1,A07,23102748-NFA-34,001-C01,20001301-NFA-34,636.002,1212.002,10098770,1,20001301-NFA-12345,576
1,A07,23102748-NFA-34,001-C01,20001301-NFA-34,636.002,696.004,10092839,1,20001301-NFA-234,60.002
1,A07,23100937-ABF-2,001-C01,20001403-ABF-2,618,1236,10098772,1,20001403-NFA-12,180
1,A07,23100937-ABF-2,001-C01,20001403-ABF-2,618,1236,10093842,1,20001403-NFA-12,438
1,A07,23101548-NFA-2,001-C01,20001406-NFA-2,588.004,1176.009,10098761,1,20001406-NFA-23,1944.017
1,A07,23101500-NFA-3,001-C01,20001406-NFA-3,1356.004,2712.009,10098761,1,20001406-NFA-23,1944.017
1,A07,23102653-FA-12345,001-C01,20001409-FA-12345,678,1356,10092607,1,20001409-NFA-12345,1314.002
1,A07,23102748-NFA-34,001-C01,20001409-NFA-34,636.002,1272.004,10092607,1,20001409-NFA-12345,1314.002
1,A07,23102653-FA-12345,001-C01,20001410-FA-12345,678,1356,10092608,1,20001410-NFA-12345,1314.002
1,A07,23102748-NFA-34,001-C01,20001410-NFA-34,636.002,1272.004,10092608,1,20001410-NFA-12345,1314.002
1,A07,23102111-ABF-34,001-C01,20001503-ABF-34,1968.002,3936.004,10044948,1,20001503-ABF-1234,1558
1,A07,23102111-ABF-34,001-C01,20001503-ABF-34,1968.002,3936.004,10044949,1,20001503-ABF-1234,336
1,A07,23102111-ABF-34,001-C01,20001503-ABF-34,1968.002,3936.004,10032678,1,20001503-ABF-1234,74.002
1,A07,23102111-ABF-34,001-C01,20001503-ABF-34,1968.002,1968.002,10044952,1,20001503-NFA-12345,1728.006
1,A07,23102111-ABF-34,001-C01,20001503-ABF-34,1968.002,1968.002,10044951,1,20001503-NFA-12345,96
1,A07,23102111-ABF-34,001-C01,20001503-ABF-34,1968.002,1968.002,10044957,1,20001503-NFA-12345,336
1,A07,23102111-ABF-34,001-C01,20001503-ABF-34,1968.002,1968.002,10044954,1,20001503-NFA-12345,448
1,A07,23102111-ABF-34,001-C01,20001503-ABF-34,1968.002,1968.002,10098784,1,20001503-NFA-34,640
1,A07,23102653-FA-12345,001-C01,20001503-FA-12345,678,1356,10044954,1,20001503-NFA-12345,448
1,A07,23102653-FA-12345,001-C01,20001503-FA-12345,678,1356,10044957,1,20001503-NFA-12345,336
1,A07,23102653-FA-12345,001-C01,20001503-FA-12345,678,1356,10044951,1,20001503-NFA-12345,96
1,A07,23102653-FA-12345,001-C01,20001503-FA-12345,678,1356,10044952,1,20001503-NFA-12345,1728.006
1,A07,23101548-NFA-2,001-C01,20001503-NFA-2,588.004,1176.008,10093845,1,20001503-NFA-12,588.004
1,A07,23101548-NFA-2,001-C01,20001503-NFA-2,588.004,588.004,10044952,1,20001503-NFA-12345,1728.006
1,A07,23101548-NFA-2,001-C01,20001503-NFA-2,588.004,588.004,10044951,1,20001503-NFA-12345,96
1,A07,23101548-NFA-2,001-C01,20001503-NFA-2,588.004,588.004,10044957,1,20001503-NFA-12345,336
1,A07,23101548-NFA-2,001-C01,20001503-NFA-2,588.004,588.004,10044954,1,20001503-NFA-12345,448
1,A07,23101500-NFA-3,001-C01,20001503-NFA-3,1356.004,2708.01,10044952,1,20001503-NFA-12345,1728.006
1,A07,23101500-NFA-3,001-C01,20001503-NFA-3,1356.004,2708.01,10044951,1,20001503-NFA-12345,96
1,A07,23101500-NFA-3,001-C01,20001503-NFA-3,1356.004,2708.01,10044957,1,20001503-NFA-12345,336
1,A07,23101500-NFA-3,001-C01,20001503-NFA-3,1356.004,2708.01,10044954,1,20001503-NFA-12345,448
1,A07,23101500-NFA-3,001-C01,20001503-NFA-3,1356.004,1360.002,10098784,1,20001503-NFA-34,640
1,A07,23102748-NFA-34,001-C01,20001503-NFA-34,636.002,636.002,10044954,1,20001503-NFA-12345,448
1,A07,23102748-NFA-34,001-C01,20001503-NFA-34,636.002,636.002,10044957,1,20001503-NFA-12345,336
1,A07,23102748-NFA-34,001-C01,20001503-NFA-34,636.002,636.002,10044951,1,20001503-NFA-12345,96
1,A07,23102748-NFA-34,001-C01,20001503-NFA-34,636.002,636.002,10044952,1,20001503-NFA-12345,1728.006
1,A07,23100937-ABF-2,001-C01,20001602-ABF-2,618,1236.001,10094003,1,20001602-NFA-23,1206.013
1,A07,23101548-NFA-2,001-C01,20001602-NFA-2,588.004,1176.009,10094003,1,20001602-NFA-23,1206.013
1,A07,23102111-ABF-34,001-C01,20001603-ABF-34,1968.002,1968.002,10093112,1,20001603-NFA-12345,578
1,A07,23102111-ABF-34,001-C01,20001603-ABF-34,1968.002,3936.005,10059777,1,20001603-NFA-34,3960.015
1,A07,23101500-NFA-3,001-C01,20001603-NFA-3,1356.004,1356.004,10093112,1,20001603-NFA-12345,578
1,A07,23101500-NFA-3,001-C01,20001603-NFA-3,1356.004,2712.009,10059777,1,20001603-NFA-34,3960.015
1,A07,23102748-NFA-34,001-C01,20001603-NFA-34,636.002,636.002,10093112,1,20001603-NFA-12345,578
1,A07,23102111-ABF-34,001-C01,20001801-ABF-34,1968.002,1968.002,10059181,1,20001801-NFA-12345,1656
1,A07,23102111-ABF-34,001-C01,20001801-ABF-34,1968.002,1968.002,10059180,1,20001801-NFA-12345,914.006
1,A07,23101500-NFA-3,001-C01,20001801-NFA-3,1356.004,2712.008,10059181,1,20001801-NFA-12345,1656
1,A07,23101500-NFA-3,001-C01,20001801-NFA-3,1356.004,2712.008,10059180,1,20001801-NFA-12345,914.006
1,A07,23102748-NFA-34,001-C01,20001801-NFA-34,636.002,1272.004,10059180,1,20001801-NFA-12345,914.006
1,A07,23102748-NFA-34,001-C01,20001801-NFA-34,636.002,1272.004,10059181,1,20001801-NFA-12345,1656
1,A08,23102358-ABF-12,001-C01,20001102-ABF-12,781.086,1562.173,10044735,1,20001102-ABF-123,5511.087
1,A08,23102358-ABF-12,001-C01,20001102-ABF-12,781.086,781.086,10059751,1,20001102-NFA-123,2500
1,A08,23102367-ABF-2,001-C01,20001102-ABF-2,715.994,1431.989,10044735,1,20001102-ABF-123,5511.087
1,A08,23102367-ABF-2,001-C01,20001102-ABF-2,715.994,715.994,10059751,1,20001102-NFA-123,2500
1,A08,23102081-ABF-23,001-C01,20001102-ABF-23,1065.984,5079.987,10044735,1,20001102-ABF-123,5511.087
1,A08,23102367-ABF-23,001-C01,20001102-ABF-23,2948.018,6962.021,10044735,1,20001102-ABF-123,5511.087
1,A08,23102367-ABF-23,001-C01,20001102-ABF-23,2948.018,2948.018,10059751,1,20001102-NFA-123,2500
1,A08,23102081-ABF-23,001-C01,20001102-ABF-23,1065.984,1065.984,10059751,1,20001102-NFA-123,2500
1,A08,23102367-NFA-2,001-C01,20001102-NFA-2,614.008,1228.017,10059751,1,20001102-NFA-123,2500
1,A08,23102653-NFA-23,001-C01,20001102-NFA-23,1385.983,2771.967,10059751,1,20001102-NFA-123,2500
1,A08,23102211-ABF-2,001-C01,20001105-ABF-2,500,720.003,10044731,1,20001105-ABF-12,220.005
1,A08,23102211-ABF-2,001-C01,20001105-ABF-2,500,779.998,10044730,1,20001105-ABF-23,280
1,A08,23102761-ABF-4,001-C01,20001106-ABF-4,2004,4008.001,10094410,1,20001106-ABF-45,2004.002
1,A08,23102761-ABF-4,001-C01,20001106-ABF-4,2004,2004,10092818,1,20001106-NFA-234,1988.006
1,A08,23102761-ABF-4,001-C01,20001106-ABF-4,2004,2004,10094408,1,20001106-NFA-45,1000
1,A08,23102761-NFA-34,001-C01,20001106-NFA-34,1988.006,3976.012,10092818,1,20001106-NFA-234,1988.006
1,A08,23102523-NFA-2,001-C01,20001109-NFA-2,607.932,1967.925,10098723,1,20001109-NFA-12,760
1,A08,23102523-NFA-2,001-C01,20001109-NFA-2,607.932,1967.925,10085753,1,20001109-NFA-12,600
1,A08,23102809-NFA-2,001-C01,20001109-NFA-2,752.06,2112.053,10098723,1,20001109-NFA-12,760
1,A08,23102809-NFA-2,001-C01,20001109-NFA-2,752.06,2112.053,10085753,1,20001109-NFA-12,600
1,A08,23102809-NFA-2,001-C01,20001109-NFA-2,752.06,752.06,10072350,1,20001109-NFA-23,1882.026
1,A08,23102523-NFA-2,001-C01,20001109-NFA-2,607.932,607.932,10072350,1,20001109-NFA-23,1882.026
1,A08,23102436-ABF-12,001-C01,20001112-ABF-12,1350.926,2701.853,10095011,1,20001112-FA-12,1350.932
1,A08,23102436-ABF-12,001-C01,20001112-ABF-12,1350.926,1350.926,10098371,1,20001112-NFA-123,0.011
1,A08,23102358-ABF-12,001-C01,20001201-ABF-12,781.086,1562.172,10093104,1,20001201-NFA-12345,8011.073
1,A08,23102367-ABF-2,001-C01,20001201-ABF-2,715.994,1431.988,10093104,1,20001201-NFA-12345,8011.073
1,A08,23102367-ABF-23,001-C01,20001201-ABF-23,2948.018,6962.02,10093104,1,20001201-NFA-12345,8011.073
1,A08,23102081-ABF-23,001-C01,20001201-ABF-23,1065.984,5079.986,10093104,1,20001201-NFA-12345,8011.073
1,A08,23102644-NFA-123,001-C01,20001201-NFA-123,500,1000,10093104,1,20001201-NFA-12345,8011.073
1,A08,23102367-NFA-2,001-C01,20001201-NFA-2,614.008,1228.016,10093104,1,20001201-NFA-12345,8011.073
1,A08,23102653-NFA-23,001-C01,20001201-NFA-23,1385.983,2771.966,10093104,1,20001201-NFA-12345,8011.073
1,A08,23102436-ABF-12,001-C01,20001202-ABF-12,1350.926,2701.853,10095181,1,20001202-FA-123,1350.932
1,A08,23102761-ABF-4,001-C01,20001203-ABF-4,2004,4008.001,10098722,1,20001203-NFA-12345,7600
1,A08,23102761-ABF-4,001-C01,20001203-ABF-4,2004,4008.001,10072250,1,20001203-NFA-12345,1216.055
1,A08,23102523-FA-12345,001-C01,20001203-FA-12345,582,1164.001,10098722,1,20001203-NFA-12345,7600
1,A08,23102523-FA-12345,001-C01,20001203-FA-12345,582,1164.001,10072250,1,20001203-NFA-12345,1216.055
1,A08,23102809-NFA-2,001-C01,20001203-NFA-2,752.06,2112.053,10072250,1,20001203-NFA-12345,1216.055
1,A08,23102809-NFA-2,001-C01,20001203-NFA-2,752.06,2112.053,10098722,1,20001203-NFA-12345,7600
1,A08,23102523-NFA-2,001-C01,20001203-NFA-2,607.932,1967.925,10072250,1,20001203-NFA-12345,1216.055
1,A08,23102523-NFA-2,001-C01,20001203-NFA-2,607.932,1967.925,10098722,1,20001203-NFA-12345,7600
1,A08,23102809-NFA-23,001-C01,20001203-NFA-23,1882.021,3764.043,10098722,1,20001203-NFA-12345,7600
1,A08,23102809-NFA-23,001-C01,20001203-NFA-23,1882.021,3764.043,10072250,1,20001203-NFA-12345,1216.055
1,A08,23102761-NFA-34,001-C01,20001203-NFA-34,1988.006,3976.013,10098722,1,20001203-NFA-12345,7600
1,A08,23102761-NFA-34,001-C01,20001203-NFA-34,1988.006,3976.013,10072250,1,20001203-NFA-12345,1216.055
1,A08,23102770-NFA-45,001-C01,20001203-NFA-45,500,1500.001,10098722,1,20001203-NFA-12345,7600
1,A08,23102770-NFA-45,001-C01,20001203-NFA-45,500,1500.001,10072250,1,20001203-NFA-12345,1216.055
1,A08,23102484-NFA-45,001-C01,20001203-NFA-45,500,1500.001,10098722,1,20001203-NFA-12345,7600
1,A08,23102484-NFA-45,001-C01,20001203-NFA-45,500,1500.001,10072250,1,20001203-NFA-12345,1216.055
1,A08,23102211-ABF-2,001-C01,20001301-ABF-2,500,1000,10093837,1,20001301-NFA-123,1190.021
1,A08,23102211-ABF-2,001-C01,20001301-ABF-2,500,500,10098373,1,20001301-NFA-23,264
1,A08,23102211-ABF-2,001-C01,20001301-ABF-2,500,500,10092839,1,20001301-NFA-234,6279.998
1,A08,23102761-ABF-4,001-C01,20001301-ABF-4,2004,4008,10092839,1,20001301-NFA-234,6279.998
1,A08,23102523-NFA-2,001-C01,20001301-NFA-2,607.932,607.932,10093837,1,20001301-NFA-123,1190.021
1,A08,23102809-NFA-2,001-C01,20001301-NFA-2,752.06,752.06,10093837,1,20001301-NFA-123,1190.021
1,A08,23102809-NFA-2,001-C01,20001301-NFA-2,752.06,752.06,10098373,1,20001301-NFA-23,264
1,A08,23102523-NFA-2,001-C01,20001301-NFA-2,607.932,607.932,10098373,1,20001301-NFA-23,264
1,A08,23102523-NFA-2,001-C01,20001301-NFA-2,607.932,1967.924,10092839,1,20001301-NFA-234,6279.998
1,A08,23102809-NFA-2,001-C01,20001301-NFA-2,752.06,2112.052,10092839,1,20001301-NFA-234,6279.998
1,A08,23102809-NFA-23,001-C01,20001301-NFA-23,1882.021,2572.042,10093837,1,20001301-NFA-123,1190.021
1,A08,23102809-NFA-23,001-C01,20001301-NFA-23,1882.021,2810.021,10092839,1,20001301-NFA-234,6279.998
1,A08,23102761-NFA-34,001-C01,20001301-NFA-34,1988.006,3976.012,10092839,1,20001301-NFA-234,6279.998
1,A08,23102211-ABF-2,001-C01,20001405-ABF-2,250,320.006,10044810,1,20001405-ABF-23,228
1,A08,23102211-ABF-2,001-C01,20001405-ABF-2,250,320.006,10044812,1,20001405-ABF-23,375
1,A08,23102211-ABF-2,001-C01,20001405-ABF-2,250,429.995,10071350,1,20001405-NFA-12,180
1,A08,23102436-ABF-12,001-C01,20001408-ABF-12,1350.926,3482.939,10073250,1,20001408-NFA-12345,8100
1,A08,23102358-ABF-12,001-C01,20001408-ABF-12,781.086,2913.099,10073250,1,20001408-NFA-12345,8100
1,A08,23102367-ABF-2,001-C01,20001408-ABF-2,715.994,1431.989,10073250,1,20001408-NFA-12345,8100
1,A08,23102367-ABF-23,001-C01,20001408-ABF-23,2948.018,5896.037,10073250,1,20001408-NFA-12345,8100
1,A08,23102523-FA-12345,001-C01,20001408-FA-12345,582,1164.001,10073250,1,20001408-NFA-12345,8100
1,A08,23102523-NFA-2,001-C01,20001408-NFA-2,607.932,1829.873,10073250,1,20001408-NFA-12345,8100
1,A08,23102367-NFA-2,001-C01,20001408-NFA-2,614.008,1835.949,10073250,1,20001408-NFA-12345,8100
1,A08,23102484-NFA-45,001-C01,20001408-NFA-45,500,1000.001,10073250,1,20001408-NFA-12345,8100
1,A08,23102761-ABF-4,001-C01,20001409-ABF-4,2004,4008.001,10074250,1,20001409-NFA-12345,5355
1,A08,23102761-ABF-4,001-C01,20001409-ABF-4,2004,4008.001,10085752,1,20001409-NFA-12345,1800
1,A08,23102761-ABF-4,001-C01,20001409-ABF-4,2004,4008.001,10098056,1,20001409-NFA-12345,504
1,A08,23102761-ABF-4,001-C01,20001409-ABF-4,2004,2004,10098743,1,20001409-NFA-45,417.106
1,A08,23102644-NFA-123,001-C01,20001409-NFA-123,500,500,10098056,1,20001409-NFA-12345,504
1,A08,23102644-NFA-123,001-C01,20001409-NFA-123,500,500,10085752,1,20001409-NFA-12345,1800
1,A08,23102644-NFA-123,001-C01,20001409-NFA-123,500,500,10074250,1,20001409-NFA-12345,5355
1,A08,23102809-NFA-2,001-C01,20001409-NFA-2,752.06,1188.044,10098742,1,20001409-NFA-123,936
1,A08,23102809-NFA-2,001-C01,20001409-NFA-2,752.06,1068.137,10085752,1,20001409-NFA-12345,1800
1,A08,23102809-NFA-2,001-C01,20001409-NFA-2,752.06,1068.137,10074250,1,20001409-NFA-12345,5355
1,A08,23102809-NFA-2,001-C01,20001409-NFA-2,752.06,1068.137,10098056,1,20001409-NFA-12345,504
1,A08,23102653-NFA-23,001-C01,20001409-NFA-23,1385.983,1385.983,10098742,1,20001409-NFA-123,936
1,A08,23102809-NFA-23,001-C01,20001409-NFA-23,1882.021,1882.021,10098742,1,20001409-NFA-123,936
1,A08,23102809-NFA-23,001-C01,20001409-NFA-23,1882.021,5150.026,10098056,1,20001409-NFA-12345,504
1,A08,23102653-NFA-23,001-C01,20001409-NFA-23,1385.983,4653.988,10074250,1,20001409-NFA-12345,5355
1,A08,23102653-NFA-23,001-C01,20001409-NFA-23,1385.983,4653.988,10085752,1,20001409-NFA-12345,1800
1,A08,23102653-NFA-23,001-C01,20001409-NFA-23,1385.983,4653.988,10098056,1,20001409-NFA-12345,504
1,A08,23102809-NFA-23,001-C01,20001409-NFA-23,1882.021,5150.026,10074250,1,20001409-NFA-12345,5355
1,A08,23102809-NFA-23,001-C01,20001409-NFA-23,1882.021,5150.026,10085752,1,20001409-NFA-12345,1800
1,A08,23102761-NFA-34,001-C01,20001409-NFA-34,1988.006,3976.013,10074250,1,20001409-NFA-12345,5355
1,A08,23102761-NFA-34,001-C01,20001409-NFA-34,1988.006,3976.013,10085752,1,20001409-NFA-12345,1800
1,A08,23102761-NFA-34,001-C01,20001409-NFA-34,1988.006,3976.013,10098056,1,20001409-NFA-12345,504
1,A08,23102770-NFA-45,001-C01,20001409-NFA-45,500,582.895,10074250,1,20001409-NFA-12345,5355
1,A08,23102770-NFA-45,001-C01,20001409-NFA-45,500,582.895,10085752,1,20001409-NFA-12345,1800
1,A08,23102770-NFA-45,001-C01,20001409-NFA-45,500,582.895,10098056,1,20001409-NFA-12345,504
1,A08,23102358-ABF-12,001-C01,20001410-ABF-12,781.086,781.086,10098359,1,20001410-NFA-123,1000
1,A08,23102436-ABF-12,001-C01,20001410-ABF-12,1350.926,1350.926,10098359,1,20001410-NFA-123,1000
1,A08,23102436-ABF-12,001-C01,20001410-ABF-12,1350.926,3482.939,10073350,1,20001410-NFA-12345,15712.07
1,A08,23102436-ABF-12,001-C01,20001410-ABF-12,1350.926,3482.939,10098750,1,20001410-NFA-12345,400
1,A08,23102358-ABF-12,001-C01,20001410-ABF-12,781.086,2913.099,10073350,1,20001410-NFA-12345,15712.07
1,A08,23102358-ABF-12,001-C01,20001410-ABF-12,781.086,2913.099,10098750,1,20001410-NFA-12345,400
1,A08,23102367-ABF-2,001-C01,20001410-ABF-2,715.994,715.994,10098359,1,20001410-NFA-123,1000
1,A08,23102367-ABF-2,001-C01,20001410-ABF-2,715.994,1431.989,10073350,1,20001410-NFA-12345,15712.07
1,A08,23102367-ABF-2,001-C01,20001410-ABF-2,715.994,1431.989,10098750,1,20001410-NFA-12345,400
1,A08,23102367-ABF-23,001-C01,20001410-ABF-23,2948.018,2948.018,10098359,1,20001410-NFA-123,1000
1,A08,23102367-ABF-23,001-C01,20001410-ABF-23,2948.018,5896.037,10098750,1,20001410-NFA-12345,400
1,A08,23102367-ABF-23,001-C01,20001410-ABF-23,2948.018,5896.037,10073350,1,20001410-NFA-12345,15712.07
1,A08,23102761-ABF-4,001-C01,20001410-ABF-4,2004,4008.001,10098750,1,20001410-NFA-12345,400
1,A08,23102761-ABF-4,001-C01,20001410-ABF-4,2004,4008.001,10073350,1,20001410-NFA-12345,15712.07
1,A08,23102523-FA-12345,001-C01,20001410-FA-12345,582,1164.001,10098750,1,20001410-NFA-12345,400
1,A08,23102523-FA-12345,001-C01,20001410-FA-12345,582,1164.001,10073350,1,20001410-NFA-12345,15712.07
1,A08,23102644-NFA-123,001-C01,20001410-NFA-123,500,500,10073350,1,20001410-NFA-12345,15712.07
1,A08,23102644-NFA-123,001-C01,20001410-NFA-123,500,500,10098750,1,20001410-NFA-12345,400
1,A08,23102523-NFA-2,001-C01,20001410-NFA-2,607.932,1107.92,10098359,1,20001410-NFA-123,1000
1,A08,23102367-NFA-2,001-C01,20001410-NFA-2,614.008,1113.996,10098359,1,20001410-NFA-123,1000
1,A08,23102809-NFA-2,001-C01,20001410-NFA-2,752.06,1252.048,10098359,1,20001410-NFA-123,1000
1,A08,23102367-NFA-2,001-C01,20001410-NFA-2,614.008,2088.021,10073350,1,20001410-NFA-12345,15712.07
1,A08,23102367-NFA-2,001-C01,20001410-NFA-2,614.008,2088.021,10098750,1,20001410-NFA-12345,400
1,A08,23102809-NFA-2,001-C01,20001410-NFA-2,752.06,2226.073,10073350,1,20001410-NFA-12345,15712.07
1,A08,23102809-NFA-2,001-C01,20001410-NFA-2,752.06,2226.073,10098750,1,20001410-NFA-12345,400
1,A08,23102523-NFA-2,001-C01,20001410-NFA-2,607.932,2081.945,10073350,1,20001410-NFA-12345,15712.07
1,A08,23102523-NFA-2,001-C01,20001410-NFA-2,607.932,2081.945,10098750,1,20001410-NFA-12345,400
1,A08,23102653-NFA-23,001-C01,20001410-NFA-23,1385.983,1385.983,10098359,1,20001410-NFA-123,1000
1,A08,23102809-NFA-23,001-C01,20001410-NFA-23,1882.021,1882.021,10098359,1,20001410-NFA-123,1000
1,A08,23102809-NFA-23,001-C01,20001410-NFA-23,1882.021,5150.026,10098750,1,20001410-NFA-12345,400
1,A08,23102809-NFA-23,001-C01,20001410-NFA-23,1882.021,5150.026,10073350,1,20001410-NFA-12345,15712.07
1,A08,23102653-NFA-23,001-C01,20001410-NFA-23,1385.983,4653.988,10098750,1,20001410-NFA-12345,400
1,A08,23102653-NFA-23,001-C01,20001410-NFA-23,1385.983,4653.988,10073350,1,20001410-NFA-12345,15712.07
1,A08,23102761-NFA-34,001-C01,20001410-NFA-34,1988.006,3976.013,10098750,1,20001410-NFA-12345,400
1,A08,23102761-NFA-34,001-C01,20001410-NFA-34,1988.006,3976.013,10073350,1,20001410-NFA-12345,15712.07
1,A08,23102484-NFA-45,001-C01,20001410-NFA-45,500,1500.001,10098750,1,20001410-NFA-12345,400
1,A08,23102484-NFA-45,001-C01,20001410-NFA-45,500,1500.001,10073350,1,20001410-NFA-12345,15712.07
1,A08,23102770-NFA-45,001-C01,20001410-NFA-45,500,1500.001,10098750,1,20001410-NFA-12345,400
1,A08,23102770-NFA-45,001-C01,20001410-NFA-45,500,1500.001,10073350,1,20001410-NFA-12345,15712.07
1,A08,23102358-ABF-12,001-C01,20001503-ABF-12,781.086,781.086,10044944,1,20001503-ABF-1234,40
1,A08,23102358-ABF-12,001-C01,20001503-ABF-12,781.086,781.086,10032678,1,20001503-ABF-1234,54.006
1,A08,23102358-ABF-12,001-C01,20001503-ABF-12,781.086,781.086,10038154,1,20001503-ABF-1234,24
1,A08,23102358-ABF-12,001-C01,20001503-ABF-12,781.086,781.086,10044672,1,20001503-ABF-1234,780
1,A08,23102358-ABF-12,001-C01,20001503-ABF-12,781.086,781.086,10044943,1,20001503-ABF-1234,80
1,A08,23102436-ABF-12,001-C01,20001503-ABF-12,1350.926,1350.926,10044944,1,20001503-ABF-1234,40
1,A08,23102436-ABF-12,001-C01,20001503-ABF-12,1350.926,1350.926,10032678,1,20001503-ABF-1234,54.006
1,A08,23102436-ABF-12,001-C01,20001503-ABF-12,1350.926,1350.926,10038154,1,20001503-ABF-1234,24
1,A08,23102436-ABF-12,001-C01,20001503-ABF-12,1350.926,1350.926,10044672,1,20001503-ABF-1234,780
1,A08,23102436-ABF-12,001-C01,20001503-ABF-12,1350.926,1350.926,10044943,1,20001503-ABF-1234,80
1,A08,23102436-ABF-12,001-C01,20001503-ABF-12,1350.926,3482.939,10083744,1,20001503-NFA-12,56.015
1,A08,23102358-ABF-12,001-C01,20001503-ABF-12,781.086,2913.099,10083744,1,20001503-NFA-12,56.015
1,A08,23102436-ABF-12,001-C01,20001503-ABF-12,1350.926,3482.939,10098744,1,20001503-NFA-12,2370
1,A08,23102358-ABF-12,001-C01,20001503-ABF-12,781.086,2913.099,10098744,1,20001503-NFA-12,2370
1,A08,23102436-ABF-12,001-C01,20001503-ABF-12,1350.926,1350.926,10073450,1,20001503-NFA-123,5454.015
1,A08,23102358-ABF-12,001-C01,20001503-ABF-12,781.086,781.086,10073450,1,20001503-NFA-123,5454.015
1,A08,23102436-ABF-12,001-C01,20001503-ABF-12,1350.926,1350.926,10098734,1,20001503-NFA-1234,1600
1,A08,23102358-ABF-12,001-C01,20001503-ABF-12,781.086,781.086,10098734,1,20001503-NFA-1234,1600
1,A08,23102436-ABF-12,001-C01,20001503-ABF-12,1350.926,1350.926,10044950,1,20001503-NFA-12345,112
1,A08,23102436-ABF-12,001-C01,20001503-ABF-12,1350.926,1350.926,10044953,1,20001503-NFA-12345,1240
1,A08,23102358-ABF-12,001-C01,20001503-ABF-12,781.086,781.086,10044954,1,20001503-NFA-12345,64
1,A08,23102358-ABF-12,001-C01,20001503-ABF-12,781.086,781.086,10044952,1,20001503-NFA-12345,1220
1,A08,23102358-ABF-12,001-C01,20001503-ABF-12,781.086,781.086,10044951,1,20001503-NFA-12345,360
1,A08,23102358-ABF-12,001-C01,20001503-ABF-12,781.086,781.086,10044950,1,20001503-NFA-12345,112
1,A08,23102436-ABF-12,001-C01,20001503-ABF-12,1350.926,1350.926,10044954,1,20001503-NFA-12345,64
1,A08,23102436-ABF-12,001-C01,20001503-ABF-12,1350.926,1350.926,10044952,1,20001503-NFA-12345,1220
1,A08,23102436-ABF-12,001-C01,20001503-ABF-12,1350.926,1350.926,10044951,1,20001503-NFA-12345,360
1,A08,23102358-ABF-12,001-C01,20001503-ABF-12,781.086,781.086,10044953,1,20001503-NFA-12345,1240
1,A08,23102367-ABF-2,001-C01,20001503-ABF-2,715.994,715.994,10044672,1,20001503-ABF-1234,780
1,A08,23102367-ABF-2,001-C01,20001503-ABF-2,715.994,715.994,10044943,1,20001503-ABF-1234,80
1,A08,23102367-ABF-2,001-C01,20001503-ABF-2,715.994,715.994,10032678,1,20001503-ABF-1234,54.006
1,A08,23102367-ABF-2,001-C01,20001503-ABF-2,715.994,715.994,10038154,1,20001503-ABF-1234,24
1,A08,23102367-ABF-2,001-C01,20001503-ABF-2,715.994,715.994,10044944,1,20001503-ABF-1234,40
1,A08,23102211-ABF-2,001-C01,20001503-ABF-2,500,500,10044672,1,20001503-ABF-1234,780
1,A08,23102211-ABF-2,001-C01,20001503-ABF-2,500,500,10044943,1,20001503-ABF-1234,80
1,A08,23102211-ABF-2,001-C01,20001503-ABF-2,500,500,10032678,1,20001503-ABF-1234,54.006
1,A08,23102211-ABF-2,001-C01,20001503-ABF-2,500,500,10038154,1,20001503-ABF-1234,24
1,A08,23102211-ABF-2,001-C01,20001503-ABF-2,500,500,10044944,1,20001503-ABF-1234,40
1,A08,23102211-ABF-2,001-C01,20001503-ABF-2,500,793.996,10098744,1,20001503-NFA-12,2370
1,A08,23102211-ABF-2,001-C01,20001503-ABF-2,500,793.996,10083744,1,20001503-NFA-12,56.015
1,A08,23102367-ABF-2,001-C01,20001503-ABF-2,715.994,1009.99,10083744,1,20001503-NFA-12,56.015
1,A08,23102367-ABF-2,001-C01,20001503-ABF-2,715.994,1009.99,10098744,1,20001503-NFA-12,2370
1,A08,23102211-ABF-2,001-C01,20001503-ABF-2,500,500,10073450,1,20001503-NFA-123,5454.015
1,A08,23102367-ABF-2,001-C01,20001503-ABF-2,715.994,715.994,10073450,1,20001503-NFA-123,5454.015
1,A08,23102211-ABF-2,001-C01,20001503-ABF-2,500,500,10098734,1,20001503-NFA-1234,1600
1,A08,23102367-ABF-2,001-C01,20001503-ABF-2,715.994,715.994,10098734,1,20001503-NFA-1234,1600
1,A08,23102211-ABF-2,001-C01,20001503-ABF-2,500,500,10044953,1,20001503-NFA-12345,1240
1,A08,23102367-ABF-2,001-C01,20001503-ABF-2,715.994,715.994,10044950,1,20001503-NFA-12345,112
1,A08,23102211-ABF-2,001-C01,20001503-ABF-2,500,500,10044950,1,20001503-NFA-12345,112
1,A08,23102211-ABF-2,001-C01,20001503-ABF-2,500,500,10044951,1,20001503-NFA-12345,360
1,A08,23102211-ABF-2,001-C01,20001503-ABF-2,500,500,10044952,1,20001503-NFA-12345,1220
1,A08,23102211-ABF-2,001-C01,20001503-ABF-2,500,500,10044954,1,20001503-NFA-12345,64
1,A08,23102367-ABF-2,001-C01,20001503-ABF-2,715.994,715.994,10044953,1,20001503-NFA-12345,1240
1,A08,23102367-ABF-2,001-C01,20001503-ABF-2,715.994,715.994,10044951,1,20001503-NFA-12345,360
1,A08,23102367-ABF-2,001-C01,20001503-ABF-2,715.994,715.994,10044952,1,20001503-NFA-12345,1220
1,A08,23102367-ABF-2,001-C01,20001503-ABF-2,715.994,715.994,10044954,1,20001503-NFA-12345,64
1,A08,23102367-ABF-2,001-C01,20001503-ABF-2,715.994,1637.993,10098364,1,20001503-NFA-2,2896
1,A08,23102211-ABF-2,001-C01,20001503-ABF-2,500,1421.999,10098364,1,20001503-NFA-2,2896
1,A08,23102211-ABF-2,001-C01,20001503-ABF-2,500,500,10098057,1,20001503-NFA-23,96
1,A08,23102211-ABF-2,001-C01,20001503-ABF-2,500,500,10098374,1,20001503-NFA-23,912
1,A08,23102211-ABF-2,001-C01,20001503-ABF-2,500,500,10098058,1,20001503-NFA-23,1320
1,A08,23102367-ABF-2,001-C01,20001503-ABF-2,715.994,715.994,10098057,1,20001503-NFA-23,96
1,A08,23102367-ABF-2,001-C01,20001503-ABF-2,715.994,715.994,10098374,1,20001503-NFA-23,912
1,A08,23102367-ABF-2,001-C01,20001503-ABF-2,715.994,715.994,10098058,1,20001503-NFA-23,1320
1,A08,23102081-ABF-23,001-C01,20001503-ABF-23,1065.984,1065.984,10044944,1,20001503-ABF-1234,40
1,A08,23102081-ABF-23,001-C01,20001503-ABF-23,1065.984,1065.984,10038154,1,20001503-ABF-1234,24
1,A08,23102081-ABF-23,001-C01,20001503-ABF-23,1065.984,1065.984,10032678,1,20001503-ABF-1234,54.006
1,A08,23102081-ABF-23,001-C01,20001503-ABF-23,1065.984,1065.984,10044943,1,20001503-ABF-1234,80
1,A08,23102081-ABF-23,001-C01,20001503-ABF-23,1065.984,1065.984,10044672,1,20001503-ABF-1234,780
1,A08,23102367-ABF-23,001-C01,20001503-ABF-23,2948.018,2948.018,10044944,1,20001503-ABF-1234,40
1,A08,23102367-ABF-23,001-C01,20001503-ABF-23,2948.018,2948.018,10038154,1,20001503-ABF-1234,24
1,A08,23102367-ABF-23,001-C01,20001503-ABF-23,2948.018,2948.018,10032678,1,20001503-ABF-1234,54.006
1,A08,23102367-ABF-23,001-C01,20001503-ABF-23,2948.018,2948.018,10044943,1,20001503-ABF-1234,80
1,A08,23102367-ABF-23,001-C01,20001503-ABF-23,2948.018,2948.018,10044672,1,20001503-ABF-1234,780
1,A08,23102367-ABF-23,001-C01,20001503-ABF-23,2948.018,6962.021,10073450,1,20001503-NFA-123,5454.015
1,A08,23102081-ABF-23,001-C01,20001503-ABF-23,1065.984,5079.987,10073450,1,20001503-NFA-123,5454.015
1,A08,23102367-ABF-23,001-C01,20001503-ABF-23,2948.018,2948.018,10098734,1,20001503-NFA-1234,1600
1,A08,23102081-ABF-23,001-C01,20001503-ABF-23,1065.984,1065.984,10098734,1,20001503-NFA-1234,1600
1,A08,23102081-ABF-23,001-C01,20001503-ABF-23,1065.984,1065.984,10044954,1,20001503-NFA-12345,64
1,A08,23102081-ABF-23,001-C01,20001503-ABF-23,1065.984,1065.984,10044952,1,20001503-NFA-12345,1220
1,A08,23102081-ABF-23,001-C01,20001503-ABF-23,1065.984,1065.984,10044951,1,20001503-NFA-12345,360
1,A08,23102081-ABF-23,001-C01,20001503-ABF-23,1065.984,1065.984,10044950,1,20001503-NFA-12345,112
1,A08,23102367-ABF-23,001-C01,20001503-ABF-23,2948.018,2948.018,10044954,1,20001503-NFA-12345,64
1,A08,23102367-ABF-23,001-C01,20001503-ABF-23,2948.018,2948.018,10044952,1,20001503-NFA-12345,1220
1,A08,23102367-ABF-23,001-C01,20001503-ABF-23,2948.018,2948.018,10044951,1,20001503-NFA-12345,360
1,A08,23102081-ABF-23,001-C01,20001503-ABF-23,1065.984,1065.984,10044953,1,20001503-NFA-12345,1240
1,A08,23102367-ABF-23,001-C01,20001503-ABF-23,2948.018,2948.018,10044953,1,20001503-NFA-12345,1240
1,A08,23102367-ABF-23,001-C01,20001503-ABF-23,2948.018,2948.018,10044950,1,20001503-NFA-12345,112
1,A08,23102367-ABF-23,001-C01,20001503-ABF-23,2948.018,2948.018,10098057,1,20001503-NFA-23,96
1,A08,23102367-ABF-23,001-C01,20001503-ABF-23,2948.018,2948.018,10098058,1,20001503-NFA-23,1320
1,A08,23102367-ABF-23,001-C01,20001503-ABF-23,2948.018,2948.018,10098374,1,20001503-NFA-23,912
1,A08,23102081-ABF-23,001-C01,20001503-ABF-23,1065.984,1065.984,10098058,1,20001503-NFA-23,1320
1,A08,23102081-ABF-23,001-C01,20001503-ABF-23,1065.984,1065.984,10098374,1,20001503-NFA-23,912
1,A08,23102081-ABF-23,001-C01,20001503-ABF-23,1065.984,1065.984,10098057,1,20001503-NFA-23,96
1,A08,23102761-ABF-4,001-C01,20001503-ABF-4,2004,2982.006,10044944,1,20001503-ABF-1234,40
1,A08,23102761-ABF-4,001-C01,20001503-ABF-4,2004,2982.006,10044672,1,20001503-ABF-1234,780
1,A08,23102761-ABF-4,001-C01,20001503-ABF-4,2004,2982.006,10044943,1,20001503-ABF-1234,80
1,A08,23102761-ABF-4,001-C01,20001503-ABF-4,2004,2982.006,10032678,1,20001503-ABF-1234,54.006
1,A08,23102761-ABF-4,001-C01,20001503-ABF-4,2004,2982.006,10038154,1,20001503-ABF-1234,24
1,A08,23102761-ABF-4,001-C01,20001503-ABF-4,2004,3029.994,10098734,1,20001503-NFA-1234,1600
1,A08,23102761-ABF-4,001-C01,20001503-ABF-4,2004,2004,10044951,1,20001503-NFA-12345,360
1,A08,23102761-ABF-4,001-C01,20001503-ABF-4,2004,2004,10044952,1,20001503-NFA-12345,1220
1,A08,23102761-ABF-4,001-C01,20001503-ABF-4,2004,2004,10044954,1,20001503-NFA-12345,64
1,A08,23102761-ABF-4,001-C01,20001503-ABF-4,2004,2004,10044953,1,20001503-NFA-12345,1240
1,A08,23102761-ABF-4,001-C01,20001503-ABF-4,2004,2004,10044950,1,20001503-NFA-12345,112
1,A08,23102523-FA-12345,001-C01,20001503-FA-12345,582,1164,10044953,1,20001503-NFA-12345,1240
1,A08,23102523-FA-12345,001-C01,20001503-FA-12345,582,1164,10044950,1,20001503-NFA-12345,112
1,A08,23102523-FA-12345,001-C01,20001503-FA-12345,582,1164,10044951,1,20001503-NFA-12345,360
1,A08,23102523-FA-12345,001-C01,20001503-FA-12345,582,1164,10044952,1,20001503-NFA-12345,1220
1,A08,23102523-FA-12345,001-C01,20001503-FA-12345,582,1164,10044954,1,20001503-NFA-12345,64
1,A08,23102644-NFA-123,001-C01,20001503-NFA-123,500,500,10098734,1,20001503-NFA-1234,1600
1,A08,23102644-NFA-123,001-C01,20001503-NFA-123,500,500,10044954,1,20001503-NFA-12345,64
1,A08,23102644-NFA-123,001-C01,20001503-NFA-123,500,500,10044952,1,20001503-NFA-12345,1220
1,A08,23102644-NFA-123,001-C01,20001503-NFA-123,500,500,10044951,1,20001503-NFA-12345,360
1,A08,23102644-NFA-123,001-C01,20001503-NFA-123,500,500,10044950,1,20001503-NFA-12345,112
1,A08,23102644-NFA-123,001-C01,20001503-NFA-123,500,500,10044953,1,20001503-NFA-12345,1240
1,A08,23102367-NFA-2,001-C01,20001503-NFA-2,614.008,614.008,10083744,1,20001503-NFA-12,56.015
1,A08,23102367-NFA-2,001-C01,20001503-NFA-2,614.008,614.008,10098744,1,20001503-NFA-12,2370
1,A08,23102523-NFA-2,001-C01,20001503-NFA-2,607.932,607.932,10098744,1,20001503-NFA-12,2370
1,A08,23102523-NFA-2,001-C01,20001503-NFA-2,607.932,607.932,10083744,1,20001503-NFA-12,56.015
1,A08,23102809-NFA-2,001-C01,20001503-NFA-2,752.06,752.06,10098744,1,20001503-NFA-12,2370
1,A08,23102809-NFA-2,001-C01,20001503-NFA-2,752.06,752.06,10083744,1,20001503-NFA-12,56.015
1,A08,23102523-NFA-2,001-C01,20001503-NFA-2,607.932,607.932,10073450,1,20001503-NFA-123,5454.015
1,A08,23102809-NFA-2,001-C01,20001503-NFA-2,752.06,752.06,10073450,1,20001503-NFA-123,5454.015
1,A08,23102367-NFA-2,001-C01,20001503-NFA-2,614.008,614.008,10073450,1,20001503-NFA-123,5454.015
1,A08,23102367-NFA-2,001-C01,20001503-NFA-2,614.008,614.008,10098734,1,20001503-NFA-1234,1600
1,A08,23102523-NFA-2,001-C01,20001503-NFA-2,607.932,607.932,10098734,1,20001503-NFA-1234,1600
1,A08,23102809-NFA-2,001-C01,20001503-NFA-2,752.06,752.06,10098734,1,20001503-NFA-1234,1600
1,A08,23102809-NFA-2,001-C01,20001503-NFA-2,752.06,752.06,10044954,1,20001503-NFA-12345,64
1,A08,23102809-NFA-2,001-C01,20001503-NFA-2,752.06,752.06,10044952,1,20001503-NFA-12345,1220
1,A08,23102809-NFA-2,001-C01,20001503-NFA-2,752.06,752.06,10044951,1,20001503-NFA-12345,360
1,A08,23102809-NFA-2,001-C01,20001503-NFA-2,752.06,752.06,10044950,1,20001503-NFA-12345,112
1,A08,23102809-NFA-2,001-C01,20001503-NFA-2,752.06,752.06,10044953,1,20001503-NFA-12345,1240
1,A08,23102523-NFA-2,001-C01,20001503-NFA-2,607.932,607.932,10044954,1,20001503-NFA-12345,64
1,A08,23102523-NFA-2,001-C01,20001503-NFA-2,607.932,607.932,10044952,1,20001503-NFA-12345,1220
1,A08,23102523-NFA-2,001-C01,20001503-NFA-2,607.932,607.932,10044951,1,20001503-NFA-12345,360
1,A08,23102523-NFA-2,001-C01,20001503-NFA-2,607.932,607.932,10044950,1,20001503-NFA-12345,112
1,A08,23102523-NFA-2,001-C01,20001503-NFA-2,607.932,607.932,10044953,1,20001503-NFA-12345,1240
1,A08,23102367-NFA-2,001-C01,20001503-NFA-2,614.008,614.008,10044954,1,20001503-NFA-12345,64
1,A08,23102367-NFA-2,001-C01,20001503-NFA-2,614.008,614.008,10044952,1,20001503-NFA-12345,1220
1,A08,23102367-NFA-2,001-C01,20001503-NFA-2,614.008,614.008,10044951,1,20001503-NFA-12345,360
1,A08,23102367-NFA-2,001-C01,20001503-NFA-2,614.008,614.008,10044950,1,20001503-NFA-12345,112
1,A08,23102367-NFA-2,001-C01,20001503-NFA-2,614.008,614.008,10044953,1,20001503-NFA-12345,1240
1,A08,23102367-NFA-2,001-C01,20001503-NFA-2,614.008,614.008,10098374,1,20001503-NFA-23,912
1,A08,23102367-NFA-2,001-C01,20001503-NFA-2,614.008,614.008,10098058,1,20001503-NFA-23,1320
1,A08,23102367-NFA-2,001-C01,20001503-NFA-2,614.008,614.008,10098057,1,20001503-NFA-23,96
1,A08,23102523-NFA-2,001-C01,20001503-NFA-2,607.932,607.932,10098374,1,20001503-NFA-23,912
1,A08,23102523-NFA-2,001-C01,20001503-NFA-2,607.932,607.932,10098058,1,20001503-NFA-23,1320
1,A08,23102523-NFA-2,001-C01,20001503-NFA-2,607.932,607.932,10098057,1,20001503-NFA-23,96
1,A08,23102809-NFA-2,001-C01,20001503-NFA-2,752.06,752.06,10098374,1,20001503-NFA-23,912
1,A08,23102809-NFA-2,001-C01,20001503-NFA-2,752.06,752.06,10098058,1,20001503-NFA-23,1320
1,A08,23102809-NFA-2,001-C01,20001503-NFA-2,752.06,752.06,10098057,1,20001503-NFA-23,96
1,A08,23102809-NFA-23,001-C01,20001503-NFA-23,1882.021,2822.026,10073450,1,20001503-NFA-123,5454.015
1,A08,23102653-NFA-23,001-C01,20001503-NFA-23,1385.983,2325.988,10073450,1,20001503-NFA-123,5454.015
1,A08,23102653-NFA-23,001-C01,20001503-NFA-23,1385.983,1385.983,10098734,1,20001503-NFA-1234,1600
1,A08,23102809-NFA-23,001-C01,20001503-NFA-23,1882.021,1882.021,10098734,1,20001503-NFA-1234,1600
1,A08,23102809-NFA-23,001-C01,20001503-NFA-23,1882.021,1882.021,10044953,1,20001503-NFA-12345,1240
1,A08,23102809-NFA-23,001-C01,20001503-NFA-23,1882.021,1882.021,10044950,1,20001503-NFA-12345,112
1,A08,23102809-NFA-23,001-C01,20001503-NFA-23,1882.021,1882.021,10044951,1,20001503-NFA-12345,360
1,A08,23102809-NFA-23,001-C01,20001503-NFA-23,1882.021,1882.021,10044952,1,20001503-NFA-12345,1220
1,A08,23102809-NFA-23,001-C01,20001503-NFA-23,1882.021,1882.021,10044954,1,20001503-NFA-12345,64
1,A08,23102653-NFA-23,001-C01,20001503-NFA-23,1385.983,1385.983,10044953,1,20001503-NFA-12345,1240
1,A08,23102653-NFA-23,001-C01,20001503-NFA-23,1385.983,1385.983,10044950,1,20001503-NFA-12345,112
1,A08,23102653-NFA-23,001-C01,20001503-NFA-23,1385.983,1385.983,10044951,1,20001503-NFA-12345,360
1,A08,23102653-NFA-23,001-C01,20001503-NFA-23,1385.983,1385.983,10044952,1,20001503-NFA-12345,1220
1,A08,23102653-NFA-23,001-C01,20001503-NFA-23,1385.983,1385.983,10044954,1,20001503-NFA-12345,64
1,A08,23102761-NFA-34,001-C01,20001503-NFA-34,1988.006,2562.012,10098734,1,20001503-NFA-1234,1600
1,A08,23102761-NFA-34,001-C01,20001503-NFA-34,1988.006,3402.006,10044953,1,20001503-NFA-12345,1240
1,A08,23102761-NFA-34,001-C01,20001503-NFA-34,1988.006,3402.006,10044950,1,20001503-NFA-12345,112
1,A08,23102761-NFA-34,001-C01,20001503-NFA-34,1988.006,3402.006,10044951,1,20001503-NFA-12345,360
1,A08,23102761-NFA-34,001-C01,20001503-NFA-34,1988.006,3402.006,10044952,1,20001503-NFA-12345,1220
1,A08,23102761-NFA-34,001-C01,20001503-NFA-34,1988.006,3402.006,10044954,1,20001503-NFA-12345,64
1,A08,23102484-NFA-45,001-C01,20001503-NFA-45,500,1500,10044953,1,20001503-NFA-12345,1240
1,A08,23102484-NFA-45,001-C01,20001503-NFA-45,500,1500,10044950,1,20001503-NFA-12345,112
1,A08,23102484-NFA-45,001-C01,20001503-NFA-45,500,1500,10044951,1,20001503-NFA-12345,360
1,A08,23102484-NFA-45,001-C01,20001503-NFA-45,500,1500,10044952,1,20001503-NFA-12345,1220
1,A08,23102484-NFA-45,001-C01,20001503-NFA-45,500,1500,10044954,1,20001503-NFA-12345,64
1,A08,23102770-NFA-45,001-C01,20001503-NFA-45,500,1500,10044953,1,20001503-NFA-12345,1240
1,A08,23102770-NFA-45,001-C01,20001503-NFA-45,500,1500,10044950,1,20001503-NFA-12345,112
1,A08,23102770-NFA-45,001-C01,20001503-NFA-45,500,1500,10044951,1,20001503-NFA-12345,360
1,A08,23102770-NFA-45,001-C01,20001503-NFA-45,500,1500,10044952,1,20001503-NFA-12345,1220
1,A08,23102770-NFA-45,001-C01,20001503-NFA-45,500,1500,10044954,1,20001503-NFA-12345,64
1,A08,23102211-ABF-2,001-C01,20001602-ABF-2,500,1715.994,10094003,1,20001602-NFA-23,10472
1,A08,23102367-ABF-2,001-C01,20001602-ABF-2,715.994,1931.988,10094003,1,20001602-NFA-23,10472
1,A08,23102081-ABF-23,001-C01,20001602-ABF-23,1065.984,5079.986,10094003,1,20001602-NFA-23,10472
1,A08,23102367-ABF-23,001-C01,20001602-ABF-23,2948.018,6962.02,10094003,1,20001602-NFA-23,10472
1,A08,23102809-NFA-2,001-C01,20001602-NFA-2,752.06,2726.06,10094003,1,20001602-NFA-23,10472
1,A08,23102367-NFA-2,001-C01,20001602-NFA-2,614.008,2588.008,10094003,1,20001602-NFA-23,10472
1,A08,23102523-NFA-2,001-C01,20001602-NFA-2,607.932,2581.932,10094003,1,20001602-NFA-23,10472
1,A08,23102436-ABF-12,001-C01,20001603-ABF-12,1350.926,1350.926,10093112,1,20001603-NFA-12345,500
1,A08,23102358-ABF-12,001-C01,20001603-ABF-12,781.086,781.086,10093112,1,20001603-NFA-12345,500
1,A08,23102761-ABF-4,001-C01,20001603-ABF-4,2004,4008.001,10044912,1,20001603-ABF-34,2004.002
1,A08,23102761-ABF-4,001-C01,20001603-ABF-4,2004,2004,10093112,1,20001603-NFA-12345,500
1,A08,23102761-ABF-4,001-C01,20001603-ABF-4,2004,2004,10059770,1,20001603-NFA-34,1988.011
1,A08,23102644-NFA-123,001-C01,20001603-NFA-123,500,1000,10093112,1,20001603-NFA-12345,500
1,A08,23102761-NFA-34,001-C01,20001603-NFA-34,1988.006,1988.006,10093112,1,20001603-NFA-12345,500
1,A08,23102436-ABF-12,001-C01,20001801-ABF-12,1350.926,3482.939,10044857,1,20001801-ABF-123,2132.018
1,A08,23102358-ABF-12,001-C01,20001801-ABF-12,781.086,2913.099,10044857,1,20001801-ABF-123,2132.018
1,A08,23102358-ABF-12,001-C01,20001801-ABF-12,781.086,781.086,10093853,1,20001801-NFA-123,300
1,A08,23102358-ABF-12,001-C01,20001801-ABF-12,781.086,781.086,10093852,1,20001801-NFA-123,200
1,A08,23102436-ABF-12,001-C01,20001801-ABF-12,1350.926,1350.926,10093853,1,20001801-NFA-123,300
1,A08,23102436-ABF-12,001-C01,20001801-ABF-12,1350.926,1350.926,10093852,1,20001801-NFA-123,200
1,A08,23102436-ABF-12,001-C01,20001801-ABF-12,1350.926,1350.926,10059180,1,20001801-NFA-12345,1988.006
1,A08,23102358-ABF-12,001-C01,20001801-ABF-12,781.086,781.086,10059180,1,20001801-NFA-12345,1988.006
1,A08,23102761-ABF-4,001-C01,20001801-ABF-4,2004,2004,10059180,1,20001801-NFA-12345,1988.006
1,A08,23102644-NFA-123,001-C01,20001801-NFA-123,500,500,10059180,1,20001801-NFA-12345,1988.006
1,A08,23102761-NFA-34,001-C01,20001801-NFA-34,1988.006,3976.012,10059180,1,20001801-NFA-12345,1988.006
